age_numeric,WorkExp,YearsCode,num_languages,num_databases,lang_Python,lang_JavaScript,lang_TypeScript,lang_SQL,lang_Java,lang_C#,lang_Go,lang_Rust,EdLevel,Employment,devtype_grouped,OrgSize,ICorPM,RemoteWork,Industry,country_grouped,actual_salary_usd,predicted_salary_usd,abs_error
39.5,14.0,20.0,10,4,1,1,1,1,1,0,0,0,Other (please specify):,Employed,"Developer, full-stack",500 to 999 employees,Individual contributor,In-person,Banking/Financial Services,Germany,97452.0,78205.75786819786,19246.242131802137
29.5,10.0,13.0,3,0,0,1,1,0,0,0,0,0,"Bachelor’s degree (B.A., B.S., B.Eng., etc.)","Independent contractor, freelancer, or self-employed","Developer, full-stack","Just me - I am a freelancer, sole proprietor, etc.",Individual contributor,Remote,Software Development,France,139218.0,65707.1171465461,73510.8828534539
39.5,16.0,20.0,7,3,1,0,0,1,0,0,1,1,"Master’s degree (M.A., M.S., M.Eng., MBA, etc.)",Employed,Data engineer,100 to 499 employees,Individual contributor,Remote,Banking/Financial Services,United States of America,850000.0,203161.7649012154,646838.2350987846
49.5,29.0,36.0,11,4,1,1,0,1,0,0,0,0,"Master’s degree (M.A., M.S., M.Eng., MBA, etc.)",Employed,"Senior executive (C-suite, VP, etc.)",20 to 99 employees,People manager,"Hybrid (some in-person, leans heavy to flexibility)",Software Development,Other,64384.0,73697.41185105695,9313.411851056953
29.5,10.0,12.0,9,5,1,1,0,1,0,0,0,1,"Bachelor’s degree (B.A., B.S., B.Eng., etc.)",Employed,"Developer, back-end",100 to 499 employees,Individual contributor,"Hybrid (some in-person, leans heavy to flexibility)",Banking/Financial Services,Spain,73089.0,77670.73372977004,4581.733729770043
39.5,20.0,34.0,11,1,1,1,1,1,1,0,1,0,"Secondary school (e.g. American high school, German Realschule or Gymnasium, etc.)",Employed,"Developer, embedded applications or devices","5,000 to 9,999 employees",Individual contributor,"Hybrid (some in-person, leans heavy to flexibility)",Other:,Germany,69609.0,90214.19446546078,20605.19446546078
39.5,10.0,15.0,4,3,1,0,0,0,0,0,1,0,"Professional degree (JD, MD, Ph.D, Ed.D, etc.)","Independent contractor, freelancer, or self-employed",AI/ML engineer,Less than 20 employees,People manager,Remote,Other:,Other,100000.0,59615.977521653476,40384.022478346524
39.5,15.0,20.0,5,0,1,0,0,0,0,0,0,0,"Master’s degree (M.A., M.S., M.Eng., MBA, etc.)",Employed,"Developer, embedded applications or devices",100 to 499 employees,Individual contributor,Remote,Other:,United States of America,250000.0,161569.3004916844,88430.69950831559
29.5,3.0,7.0,10,2,1,1,1,1,1,1,1,0,"Bachelor’s degree (B.A., B.S., B.Eng., etc.)",Employed,"Developer, full-stack",500 to 999 employees,Individual contributor,Remote,Software Development,United States of America,96300.0,97254.06947169943,954.069471699433
21.0,2.0,9.0,7,4,1,1,0,1,0,1,1,1,"Bachelor’s degree (B.A., B.S., B.Eng., etc.)",Employed,"Developer, full-stack",100 to 499 employees,Individual contributor,"Hybrid (some remote, leans heavy to in-person)",Software Development,Hungary,23495.0,31025.094718498207,7530.094718498207
29.5,10.0,15.0,9,6,1,1,1,1,1,0,0,0,"Master’s degree (M.A., M.S., M.Eng., MBA, etc.)",Employed,"Developer, full-stack","10,000 or more employees",Individual contributor,Remote,Software Development,France,69609.0,82080.99487163484,12471.994871634844
29.5,4.0,7.0,5,6,1,1,1,0,0,0,0,0,"Master’s degree (M.A., M.S., M.Eng., MBA, etc.)",Employed,"Developer, full-stack",100 to 499 employees,Individual contributor,"Hybrid (some remote, leans heavy to in-person)",Software Development,France,46406.0,40954.0803919195,5451.919608080498
21.0,3.0,7.0,8,6,1,1,1,1,1,0,0,1,"Bachelor’s degree (B.A., B.S., B.Eng., etc.)",Employed,Other (please specify):,20 to 99 employees,Individual contributor,"Hybrid (some in-person, leans heavy to flexibility)",Software Development,India,40684.0,13302.438253671751,27381.561746328247
29.5,7.0,15.0,2,0,1,0,0,0,0,0,0,0,"Bachelor’s degree (B.A., B.S., B.Eng., etc.)",Employed,"Developer, mobile",500 to 999 employees,Individual contributor,"Hybrid (some remote, leans heavy to in-person)",Healthcare,Switzerland,148791.0,150419.51391452446,1628.5139145244611
29.5,6.0,15.0,4,0,1,0,1,0,1,0,0,0,"Bachelor’s degree (B.A., B.S., B.Eng., etc.)",Employed,"Developer, full-stack","1,000 to 4,999 employees",Individual contributor,"Hybrid (some remote, leans heavy to in-person)",Government,Sweden,57861.0,64280.37660942541,6419.37660942541
39.5,12.0,12.0,9,6,0,1,1,1,1,1,0,0,"Master’s degree (M.A., M.S., M.Eng., MBA, etc.)",Employed,"Developer, full-stack",20 to 99 employees,Individual contributor,"Your choice (very flexible, you can come in when you want or just as needed)",Banking/Financial Services,Other,4950.0,56312.18582145837,51362.18582145837
29.5,5.0,10.0,7,1,0,1,0,1,1,0,0,1,"Bachelor’s degree (B.A., B.S., B.Eng., etc.)",Employed,"Developer, full-stack","5,000 to 9,999 employees",Individual contributor,In-person,Retail and Consumer Services,United States of America,72000.0,112834.3774851348,40834.3774851348
39.5,15.0,20.0,7,4,1,1,1,1,1,0,0,0,"Master’s degree (M.A., M.S., M.Eng., MBA, etc.)",Employed,"Developer, full-stack","10,000 or more employees",Individual contributor,"Hybrid (some in-person, leans heavy to flexibility)",Insurance,France,116015.0,91029.52758961734,24985.47241038266
49.5,15.0,20.0,3,0,0,1,0,0,0,0,0,0,Other (please specify):,Employed,"Developer, full-stack",Less than 20 employees,Individual contributor,Remote,Software Development,Germany,51046.0,77843.74069882282,26797.740698822818
49.5,31.0,42.0,10,3,1,0,0,0,0,0,1,0,Some college/university study without earning a degree,Employed,DevOps engineer or professional,500 to 999 employees,Individual contributor,Remote,"Internet, Telecomm or Information Services",United States of America,325000.0,176988.55921592485,148011.44078407515
29.5,4.0,6.0,6,5,1,1,1,0,0,0,0,0,"Secondary school (e.g. American high school, German Realschule or Gymnasium, etc.)",Employed,"Developer, full-stack",100 to 499 employees,People manager,"Your choice (very flexible, you can come in when you want or just as needed)",Media & Advertising Services,Ukraine,22100.0,22058.388482522314,41.61151747768599
29.5,,,8,5,1,1,1,1,0,0,0,1,"Bachelor’s degree (B.A., B.S., B.Eng., etc.)",Employed,Other (please specify):,20 to 99 employees,Individual contributor,"Hybrid (some in-person, leans heavy to flexibility)",Other:,Switzerland,131432.0,241467.25336453924,110035.25336453924
29.5,8.0,14.0,13,8,0,1,1,0,0,0,0,1,"Bachelor’s degree (B.A., B.S., B.Eng., etc.)",Employed,"Developer, full-stack",100 to 499 employees,Individual contributor,"Your choice (very flexible, you can come in when you want or just as needed)",Media & Advertising Services,United States of America,124000.0,151450.85660373786,27450.856603737862
39.5,18.0,30.0,2,1,1,0,0,1,0,0,0,0,"Master’s degree (M.A., M.S., M.Eng., MBA, etc.)",Employed,"Developer, back-end",100 to 499 employees,Individual contributor,Remote,Software Development,France,113694.0,86874.28000547104,26819.71999452896
21.0,3.0,7.0,3,3,1,0,0,0,0,1,0,0,"Bachelor’s degree (B.A., B.S., B.Eng., etc.)",Employed,"Developer, full-stack",20 to 99 employees,Individual contributor,In-person,Software Development,Australia,39006.0,36954.50915734947,2051.490842650528
21.0,1.0,6.0,6,1,1,1,1,1,0,1,0,0,"Bachelor’s degree (B.A., B.S., B.Eng., etc.)",Employed,"Developer, full-stack",100 to 499 employees,Individual contributor,"Hybrid (some in-person, leans heavy to flexibility)",Software Development,United Kingdom of Great Britain and Northern Ireland,44015.0,41952.63172302999,2062.36827697001
29.5,10.0,13.0,8,1,1,1,1,1,0,1,0,0,"Bachelor’s degree (B.A., B.S., B.Eng., etc.)",Employed,"Architect, software or solutions",Less than 20 employees,Individual contributor,"Hybrid (some remote, leans heavy to in-person)",Software Development,Canada,91928.0,62645.22776084939,29282.77223915061
49.5,25.0,30.0,4,11,1,1,1,0,0,0,1,0,"Master’s degree (M.A., M.S., M.Eng., MBA, etc.)",Employed,AI/ML engineer,"10,000 or more employees",People manager,Remote,Fintech,United States of America,300000.0,245455.6057843768,54544.39421562321
39.5,12.0,23.0,8,4,0,1,0,1,0,0,1,0,Some college/university study without earning a degree,Employed,"Developer, back-end",20 to 99 employees,Individual contributor,Remote,Software Development,Australia,91013.0,103831.6648024485,12818.664802448504
29.5,12.0,16.0,7,0,1,1,1,0,0,0,0,1,"Bachelor’s degree (B.A., B.S., B.Eng., etc.)","Independent contractor, freelancer, or self-employed","Architect, software or solutions",Unknown,Unknown,Unknown,Software Development,Other,92812.0,68041.64338045732,24770.356619542683
39.5,6.0,7.0,3,1,0,1,1,0,0,0,0,0,"Master’s degree (M.A., M.S., M.Eng., MBA, etc.)",Employed,"Developer, full-stack",100 to 499 employees,Individual contributor,Remote,Software Development,Ukraine,70000.0,28317.791893908834,41682.208106091166
49.5,4.0,6.0,3,1,0,0,0,1,1,0,0,0,"Associate degree (A.A., A.S., etc.)",Employed,"Developer, full-stack","1,000 to 4,999 employees",Individual contributor,Remote,Healthcare,Spain,38285.0,40476.62890053888,2191.6289005388826
59.5,30.0,35.0,6,0,1,0,0,0,0,0,0,0,"Master’s degree (M.A., M.S., M.Eng., MBA, etc.)",Employed,"Developer, desktop or enterprise applications","5,000 to 9,999 employees",Individual contributor,"Hybrid (some in-person, leans heavy to flexibility)",Software Development,Netherlands,116015.0,86555.71052097033,29459.28947902967
59.5,30.0,40.0,6,2,0,1,1,1,1,0,0,0,"Master’s degree (M.A., M.S., M.Eng., MBA, etc.)",Employed,"Developer, full-stack",500 to 999 employees,Individual contributor,"Hybrid (some remote, leans heavy to in-person)",Government,Sweden,71279.0,84126.89472349807,12847.894723498073
39.5,12.0,20.0,5,1,0,1,0,1,0,1,0,0,Some college/university study without earning a degree,Employed,"Developer, back-end","1,000 to 4,999 employees",Individual contributor,Remote,Higher Education,United States of America,70000.0,127977.7173072967,57977.7173072967
59.5,30.0,25.0,6,4,1,0,0,0,0,0,0,0,"Professional degree (JD, MD, Ph.D, Ed.D, etc.)",Employed,Other (please specify):,"1,000 to 4,999 employees",Individual contributor,"Hybrid (some remote, leans heavy to in-person)",Higher Education,Other,74249.0,44044.23667257772,30204.763327422283
29.5,8.0,12.0,5,2,1,1,0,1,0,0,0,0,"Professional degree (JD, MD, Ph.D, Ed.D, etc.)",Employed,"Senior executive (C-suite, VP, etc.)",20 to 99 employees,People manager,"Hybrid (some in-person, leans heavy to flexibility)",Software Development,France,76570.0,76520.47005521825,49.52994478175242
39.5,15.0,27.0,4,0,1,1,0,0,0,0,0,0,"Master’s degree (M.A., M.S., M.Eng., MBA, etc.)",Employed,"Developer, desktop or enterprise applications","10,000 or more employees",Individual contributor,In-person,Software Development,Germany,324841.0,96747.03824821161,228093.9617517884
39.5,13.0,35.0,8,2,0,0,0,0,0,0,1,1,"Bachelor’s degree (B.A., B.S., B.Eng., etc.)",Employed,"Developer, back-end","1,000 to 4,999 employees",Individual contributor,Remote,Software Development,Canada,259732.0,116222.87444807797,143509.125551922
29.5,10.0,15.0,11,7,1,1,1,1,1,1,0,0,"Bachelor’s degree (B.A., B.S., B.Eng., etc.)",Employed,"Developer, full-stack",Less than 20 employees,Individual contributor,"Hybrid (some remote, leans heavy to in-person)","Internet, Telecomm or Information Services",New Zealand,69271.0,62040.19651031257,7230.803489687431
29.5,10.0,14.0,2,1,0,0,0,1,0,0,0,0,"Associate degree (A.A., A.S., etc.)",Employed,"Developer, mobile",100 to 499 employees,Individual contributor,"Hybrid (some in-person, leans heavy to flexibility)",Software Development,Brazil,37682.0,46413.62597211943,8731.62597211943
21.0,7.0,10.0,8,3,1,1,1,1,0,0,0,0,Some college/university study without earning a degree,"Independent contractor, freelancer, or self-employed","Senior executive (C-suite, VP, etc.)",Less than 20 employees,Individual contributor,"Your choice (very flexible, you can come in when you want or just as needed)","Internet, Telecomm or Information Services",United Kingdom of Great Britain and Northern Ireland,54457.0,58487.92900672521,4030.9290067252077
39.5,14.0,14.0,5,3,0,1,0,1,1,0,0,0,"Bachelor’s degree (B.A., B.S., B.Eng., etc.)",Employed,"Developer, back-end","5,000 to 9,999 employees",Individual contributor,"Hybrid (some remote, leans heavy to in-person)",Banking/Financial Services,Other,67702.0,54979.12881188932,12722.87118811068
39.5,14.0,19.0,6,1,0,1,0,0,1,0,1,0,"Bachelor’s degree (B.A., B.S., B.Eng., etc.)",Employed,"Developer, back-end","5,000 to 9,999 employees",Individual contributor,Remote,Fintech,United States of America,645000.0,180166.41484386416,464833.58515613584
29.5,3.0,11.0,0,0,0,0,0,0,0,0,0,0,"Master’s degree (M.A., M.S., M.Eng., MBA, etc.)",Employed,Other,500 to 999 employees,Individual contributor,"Your choice (very flexible, you can come in when you want or just as needed)",Software Development,Germany,69609.0,55386.145148293595,14222.854851706405
39.5,24.0,26.0,0,0,0,0,0,0,0,0,0,0,"Secondary school (e.g. American high school, German Realschule or Gymnasium, etc.)",Employed,"Developer, full-stack","1,000 to 4,999 employees",Individual contributor,"Hybrid (some in-person, leans heavy to flexibility)",Software Development,Portugal,41765.0,80252.32822937344,38487.32822937344
39.5,16.0,14.0,1,0,0,0,0,0,1,0,0,0,"Master’s degree (M.A., M.S., M.Eng., MBA, etc.)",Employed,Other,"10,000 or more employees",People manager,Remote,Software Development,Romania,5744.0,78947.69482842395,73203.69482842395
29.5,6.0,14.0,3,0,1,0,0,0,0,0,0,0,"Master’s degree (M.A., M.S., M.Eng., MBA, etc.)",Employed,AI/ML engineer,100 to 499 employees,Individual contributor,Remote,Software Development,Canada,80254.0,85250.0833911824,4996.083391182401
21.0,2.0,8.0,13,3,1,1,1,1,1,1,0,0,"Bachelor’s degree (B.A., B.S., B.Eng., etc.)",Employed,"Developer, full-stack",100 to 499 employees,Individual contributor,In-person,Software Development,France,20883.0,30172.710098194995,9289.710098194995
49.5,30.0,40.0,12,0,1,1,0,0,1,0,0,1,"Professional degree (JD, MD, Ph.D, Ed.D, etc.)",Employed,"Developer, full-stack",I don’t know,Individual contributor,"Your choice (very flexible, you can come in when you want or just as needed)",Software Development,United States of America,113000.0,170541.9567890191,57541.95678901911
29.5,4.0,6.0,5,3,0,1,1,1,0,0,0,0,"Master’s degree (M.A., M.S., M.Eng., MBA, etc.)",Employed,"Developer, full-stack",20 to 99 employees,Individual contributor,Remote,Software Development,United Kingdom of Great Britain and Northern Ireland,86109.0,58216.400979331105,27892.599020668895
29.5,8.0,12.0,5,2,1,1,1,0,0,0,0,1,Some college/university study without earning a degree,Employed,"Developer, full-stack",20 to 99 employees,Individual contributor,"Your choice (very flexible, you can come in when you want or just as needed)",Computer Systems Design and Services,Hungary,75216.0,48235.99608920501,26980.003910794992
49.5,27.0,33.0,5,6,0,0,0,1,0,1,0,1,"Bachelor’s degree (B.A., B.S., B.Eng., etc.)",Employed,Engineering manager,"5,000 to 9,999 employees",People manager,"Hybrid (some remote, leans heavy to in-person)",Other:,United States of America,145000.0,182066.8773228055,37066.87732280549
39.5,22.0,28.0,8,6,1,1,0,1,1,0,0,0,"Bachelor’s degree (B.A., B.S., B.Eng., etc.)",Employed,Engineering manager,20 to 99 employees,People manager,"Hybrid (some remote, leans heavy to in-person)",Software Development,New Zealand,79511.0,91593.47273958533,12082.472739585326
39.5,16.0,22.0,7,3,0,1,1,1,0,1,1,0,"Bachelor’s degree (B.A., B.S., B.Eng., etc.)",Employed,"Developer, back-end","10,000 or more employees",Individual contributor,Remote,Fintech,Other,52800.0,77414.81256812994,24614.812568129943
39.5,18.0,23.0,4,2,0,1,0,1,0,0,0,0,"Bachelor’s degree (B.A., B.S., B.Eng., etc.)",Employed,"Developer, full-stack",100 to 499 employees,People manager,In-person,Banking/Financial Services,Other,101482.0,47520.83712443872,53961.16287556128
39.5,20.0,27.0,8,2,0,1,0,1,0,1,0,0,"Master’s degree (M.A., M.S., M.Eng., MBA, etc.)","Independent contractor, freelancer, or self-employed","Developer, back-end",Unknown,Unknown,Unknown,Software Development,United States of America,149000.0,160928.098863705,11928.098863705003
29.5,13.0,17.0,6,3,1,1,0,1,0,0,0,0,Some college/university study without earning a degree,Employed,"Developer, back-end",500 to 999 employees,Individual contributor,"Hybrid (some in-person, leans heavy to flexibility)",Fintech,Other,124136.0,59304.65139334049,64831.34860665951
29.5,15.0,15.0,6,6,1,1,1,1,0,0,1,0,"Associate degree (A.A., A.S., etc.)",Employed,DevOps engineer or professional,100 to 499 employees,Individual contributor,Remote,Software Development,Canada,109438.0,91703.77491609888,17734.225083901125
29.5,10.0,12.0,0,0,0,0,0,0,0,0,0,0,Some college/university study without earning a degree,Employed,"Developer, front-end","10,000 or more employees",Individual contributor,Remote,Software Development,Brazil,50060.0,53126.523211444255,3066.523211444255
39.5,15.0,17.0,9,9,1,0,0,1,0,0,1,0,"Bachelor’s degree (B.A., B.S., B.Eng., etc.)",Employed,DevOps engineer or professional,100 to 499 employees,Individual contributor,Remote,"Transportation, or Supply Chain",Brazil,109222.0,54148.57274210461,55073.42725789539
39.5,16.0,25.0,7,2,0,1,1,1,0,0,0,0,"Professional degree (JD, MD, Ph.D, Ed.D, etc.)",Employed,"Developer, full-stack",20 to 99 employees,Individual contributor,"Hybrid (some remote, leans heavy to in-person)",Other:,France,46406.0,82313.0641260263,35907.06412602629
39.5,13.0,13.0,2,2,0,1,0,0,1,0,0,0,"Master’s degree (M.A., M.S., M.Eng., MBA, etc.)","Independent contractor, freelancer, or self-employed","Developer, full-stack","10,000 or more employees",People manager,"Your choice (very flexible, you can come in when you want or just as needed)","Internet, Telecomm or Information Services",Poland,229235.0,76694.66454430504,152540.33545569496
29.5,14.0,19.0,1,0,0,0,0,0,0,1,0,0,"Bachelor’s degree (B.A., B.S., B.Eng., etc.)",Employed,"Developer, desktop or enterprise applications",100 to 499 employees,Individual contributor,Remote,Software Development,Germany,81210.0,89453.46302845377,8243.46302845377
29.5,11.0,15.0,4,2,0,1,1,1,0,0,0,0,"Bachelor’s degree (B.A., B.S., B.Eng., etc.)",Employed,"Developer, back-end",100 to 499 employees,Individual contributor,Remote,"Internet, Telecomm or Information Services",Netherlands,89129.0,77687.72813007573,11441.271869924269
29.5,5.0,5.0,6,1,1,1,1,0,0,0,0,0,"Professional degree (JD, MD, Ph.D, Ed.D, etc.)",Employed,"Developer, full-stack",100 to 499 employees,Individual contributor,"Hybrid (some in-person, leans heavy to flexibility)",Software Development,United Kingdom of Great Britain and Northern Ireland,81685.0,57072.3577008567,24612.6422991433
39.5,19.0,22.0,2,2,0,0,0,1,0,1,0,0,"Bachelor’s degree (B.A., B.S., B.Eng., etc.)",Employed,"Architect, software or solutions","5,000 to 9,999 employees",Individual contributor,"Hybrid (some remote, leans heavy to in-person)",Software Development,United States of America,330000.0,162897.1525512994,167102.8474487006
29.5,8.0,13.0,7,0,0,1,1,0,1,0,0,0,"Bachelor’s degree (B.A., B.S., B.Eng., etc.)",Employed,"Developer, full-stack",500 to 999 employees,Individual contributor,"Hybrid (some remote, leans heavy to in-person)",Software Development,United States of America,1000000.0,140469.9441064571,859530.055893543
39.5,15.0,20.0,6,8,0,0,0,1,0,1,0,0,"Bachelor’s degree (B.A., B.S., B.Eng., etc.)",Employed,"Architect, software or solutions",100 to 499 employees,Individual contributor,"Your choice (very flexible, you can come in when you want or just as needed)",Software Development,Netherlands,127616.0,86905.8815677532,40710.1184322468
,13.0,15.0,3,0,1,1,0,0,0,0,0,0,"Bachelor’s degree (B.A., B.S., B.Eng., etc.)",Employed,"Developer, front-end",I don’t know,Individual contributor,"Hybrid (some remote, leans heavy to in-person)",Software Development,United States of America,150000.0,156770.03062555546,6770.030625555461
39.5,14.0,19.0,7,5,1,0,1,0,1,0,0,0,"Master’s degree (M.A., M.S., M.Eng., MBA, etc.)",Employed,"Developer, back-end",500 to 999 employees,Individual contributor,Remote,Media & Advertising Services,Canada,109438.0,94279.0717691984,15158.928230801597
39.5,23.0,25.0,5,7,0,1,1,1,0,1,0,0,Some college/university study without earning a degree,Employed,"Architect, software or solutions",100 to 499 employees,Individual contributor,Remote,Software Development,Portugal,63808.0,89069.42583019134,25261.425830191336
29.5,11.0,17.0,3,0,0,0,0,0,0,1,0,0,"Bachelor’s degree (B.A., B.S., B.Eng., etc.)",Employed,Engineering manager,100 to 499 employees,People manager,"Your choice (very flexible, you can come in when you want or just as needed)",Software Development,Canada,91198.0,92811.07460856068,1613.0746085606806
39.5,20.0,20.0,6,2,1,1,1,1,0,0,0,0,"Bachelor’s degree (B.A., B.S., B.Eng., etc.)",Employed,"Architect, software or solutions",Less than 20 employees,Individual contributor,Remote,Fintech,Brazil,210252.0,50822.937181396344,159429.06281860365
29.5,6.0,10.0,7,6,1,1,1,1,0,0,0,1,"Master’s degree (M.A., M.S., M.Eng., MBA, etc.)",Employed,"Developer, full-stack",20 to 99 employees,Individual contributor,In-person,Software Development,United States of America,190000.0,119061.92609524104,70938.07390475896
59.5,33.0,40.0,2,2,0,0,0,1,0,1,0,0,"Master’s degree (M.A., M.S., M.Eng., MBA, etc.)",Not employed,"Developer, full-stack",Unknown,Unknown,Unknown,Unknown,Greece,52207.0,66124.34976117857,13917.349761178571
29.5,5.0,12.0,4,1,0,0,1,1,1,0,0,0,"Bachelor’s degree (B.A., B.S., B.Eng., etc.)",Employed,"Developer, back-end",100 to 499 employees,Individual contributor,"Hybrid (some remote, leans heavy to in-person)",Software Development,India,17436.0,28662.93197903449,11226.931979034489
29.5,3.0,9.0,6,0,1,0,0,0,0,0,0,0,"Master’s degree (M.A., M.S., M.Eng., MBA, etc.)",Employed,Other (please specify):,Less than 20 employees,Individual contributor,"Hybrid (some in-person, leans heavy to flexibility)",Software Development,France,87011.0,40422.59670560109,46588.40329439891
29.5,2.0,4.0,0,0,0,0,0,0,0,0,0,0,"Bachelor’s degree (B.A., B.S., B.Eng., etc.)",Employed,"Developer, back-end",20 to 99 employees,Individual contributor,In-person,Software Development,Other,2945.0,14025.431577307108,11080.431577307108
59.5,38.0,44.0,1,0,0,0,0,0,0,0,0,0,"Master’s degree (M.A., M.S., M.Eng., MBA, etc.)",Employed,"Developer, back-end",100 to 499 employees,Individual contributor,"Your choice (very flexible, you can come in when you want or just as needed)",Fintech,United Kingdom of Great Britain and Northern Ireland,133419.0,113846.66722699393,19572.33277300607
59.5,36.0,43.0,0,0,0,0,0,0,0,0,0,0,"Bachelor’s degree (B.A., B.S., B.Eng., etc.)","Independent contractor, freelancer, or self-employed","Architect, software or solutions",Unknown,Unknown,Unknown,Software Development,Other,150819.0,68860.1529932073,81958.8470067927
49.5,26.0,23.0,7,4,1,1,0,1,0,1,0,0,"Master’s degree (M.A., M.S., M.Eng., MBA, etc.)",Employed,Engineering manager,100 to 499 employees,People manager,Remote,Software Development,Other,60000.0,73529.14773856578,13529.147738565778
39.5,13.0,19.0,2,4,1,0,0,0,0,0,1,0,"Master’s degree (M.A., M.S., M.Eng., MBA, etc.)",Employed,DevOps engineer or professional,20 to 99 employees,People manager,Remote,Fintech,Canada,237115.0,105090.48592342551,132024.51407657447
49.5,25.0,30.0,5,2,0,1,1,1,0,1,0,0,Some college/university study without earning a degree,Employed,"Developer, back-end",100 to 499 employees,Individual contributor,In-person,Software Development,Sweden,74843.0,77298.8883217849,2455.888321784907
39.5,14.0,18.0,7,5,0,1,1,1,0,1,0,0,"Secondary school (e.g. American high school, German Realschule or Gymnasium, etc.)",Employed,"Developer, full-stack","1,000 to 4,999 employees",Individual contributor,"Your choice (very flexible, you can come in when you want or just as needed)","Transportation, or Supply Chain",Switzerland,99194.0,142147.25923882143,42953.259238821425
39.5,10.0,14.0,9,0,1,1,1,0,0,1,0,1,"Master’s degree (M.A., M.S., M.Eng., MBA, etc.)",Employed,"Developer, full-stack",20 to 99 employees,Individual contributor,"Hybrid (some remote, leans heavy to in-person)",Software Development,Switzerland,136392.0,127881.96076793992,8510.03923206008
29.5,2.0,10.0,7,2,0,0,0,1,0,1,0,1,"Bachelor’s degree (B.A., B.S., B.Eng., etc.)",Employed,"Developer, desktop or enterprise applications",20 to 99 employees,Individual contributor,"Hybrid (some in-person, leans heavy to flexibility)",Fintech,Hungary,20820.0,33870.0014184684,13050.001418468397
39.5,13.0,17.0,3,2,0,0,0,1,0,1,0,0,"Master’s degree (M.A., M.S., M.Eng., MBA, etc.)",Employed,"Developer, back-end","10,000 or more employees",Individual contributor,"Hybrid (some in-person, leans heavy to flexibility)","Transportation, or Supply Chain",Romania,75693.0,78918.98453149816,3225.984531498165
21.0,1.0,9.0,7,0,1,1,1,0,0,0,0,0,"Bachelor’s degree (B.A., B.S., B.Eng., etc.)",Employed,Other,100 to 499 employees,Individual contributor,In-person,Computer Systems Design and Services,Canada,65663.0,41744.796154984346,23918.203845015654
29.5,7.0,7.0,0,0,0,0,0,0,0,0,0,0,Some college/university study without earning a degree,Employed,"Developer, full-stack",20 to 99 employees,Individual contributor,In-person,Healthcare,India,16274.0,19389.16910287487,3115.1691028748683
49.5,22.0,25.0,6,3,0,1,0,1,0,1,0,0,"Associate degree (A.A., A.S., etc.)",Employed,"Developer, full-stack",20 to 99 employees,Individual contributor,"Hybrid (some remote, leans heavy to in-person)","Internet, Telecomm or Information Services",United States of America,125000.0,147900.674014821,22900.67401482101
29.5,11.0,14.0,1,0,0,0,0,0,0,0,0,0,"Bachelor’s degree (B.A., B.S., B.Eng., etc.)",Employed,"Developer, mobile","5,000 to 9,999 employees",Individual contributor,Remote,Software Development,United States of America,900000.0,144731.99734578573,755268.0026542143
21.0,2.0,12.0,6,4,1,1,0,1,0,0,0,0,"Master’s degree (M.A., M.S., M.Eng., MBA, etc.)",Employed,"Developer, desktop or enterprise applications",100 to 499 employees,Individual contributor,"Hybrid (some in-person, leans heavy to flexibility)",Manufacturing,United States of America,80000.0,102824.67574844677,22824.675748446767
29.5,9.0,9.0,7,8,1,1,0,1,0,0,1,1,"Master’s degree (M.A., M.S., M.Eng., MBA, etc.)",Employed,"Developer, back-end",Less than 20 employees,Individual contributor,Remote,Software Development,Other,174022.0,35480.97041987216,138541.02958012786
39.5,12.0,12.0,7,6,1,1,0,1,0,0,1,0,"Bachelor’s degree (B.A., B.S., B.Eng., etc.)",Employed,"Developer, full-stack",20 to 99 employees,Individual contributor,Remote,Software Development,Hungary,104100.0,50476.20758969051,53623.79241030949
49.5,17.0,37.0,6,2,1,1,0,1,0,0,0,0,"Bachelor’s degree (B.A., B.S., B.Eng., etc.)",Employed,"Developer, full-stack","1,000 to 4,999 employees",People manager,"Hybrid (some remote, leans heavy to in-person)",Higher Education,Other,109054.0,45441.61517303753,63612.38482696247
59.5,46.0,46.0,12,8,0,0,0,1,0,0,0,0,"Professional degree (JD, MD, Ph.D, Ed.D, etc.)",Employed,Other,"Just me - I am a freelancer, sole proprietor, etc.",Individual contributor,"Your choice (very flexible, you can come in when you want or just as needed)",Software Development,Switzerland,200000.0,150790.8167869133,49209.18321308671
29.5,3.0,7.0,10,6,1,1,1,1,1,0,0,0,"Bachelor’s degree (B.A., B.S., B.Eng., etc.)",Employed,"Developer, back-end",500 to 999 employees,Individual contributor,Remote,Banking/Financial Services,Other,402113.0,26556.77139439657,375556.22860560345
29.5,4.0,7.0,2,3,1,0,0,1,0,0,0,0,"Master’s degree (M.A., M.S., M.Eng., MBA, etc.)",Employed,Data engineer,"10,000 or more employees",Individual contributor,"Hybrid (some remote, leans heavy to in-person)","Internet, Telecomm or Information Services",Other,34804.0,36050.303016575184,1246.3030165751843
39.5,22.0,22.0,2,0,0,1,0,0,0,0,0,0,"Bachelor’s degree (B.A., B.S., B.Eng., etc.)",Employed,"Developer, front-end",100 to 499 employees,Individual contributor,Remote,Other:,Other,82906.0,66308.5075960046,16597.492403995406
21.0,2.0,5.0,0,0,0,0,0,0,0,0,0,0,"Master’s degree (M.A., M.S., M.Eng., MBA, etc.)",Student,"Developer, embedded applications or devices",Unknown,Unknown,Unknown,Unknown,France,25059.0,16997.83837140778,8061.161628592221
21.0,5.0,5.0,8,3,0,1,1,1,1,0,0,0,Some college/university study without earning a degree,Employed,Other,20 to 99 employees,Individual contributor,In-person,Software Development,Poland,32748.0,28103.780173420142,4644.219826579858
29.5,10.0,20.0,7,3,0,1,1,1,0,1,1,0,"Associate degree (A.A., A.S., etc.)",Employed,"Architect, software or solutions",20 to 99 employees,People manager,"Hybrid (some remote, leans heavy to in-person)",Software Development,Germany,85851.0,89133.19378219686,3282.1937821968604
49.5,30.0,40.0,7,4,1,1,1,0,0,0,0,0,"Professional degree (JD, MD, Ph.D, Ed.D, etc.)",Employed,"Developer, front-end",20 to 99 employees,Individual contributor,"Hybrid (some remote, leans heavy to in-person)",Software Development,Germany,76570.0,89316.15600555748,12746.156005557481
39.5,14.0,15.0,0,0,0,0,0,0,0,0,0,0,Some college/university study without earning a degree,"Independent contractor, freelancer, or self-employed","Developer, mobile",20 to 99 employees,Individual contributor,"Hybrid (some in-person, leans heavy to flexibility)",Banking/Financial Services,Poland,78595.0,74839.94389443155,3755.056105568452
39.5,10.0,12.0,6,0,1,1,0,1,0,0,0,0,"Bachelor’s degree (B.A., B.S., B.Eng., etc.)",Employed,"Developer, back-end",20 to 99 employees,Individual contributor,Remote,Software Development,Germany,76570.0,76050.2393764049,519.7606235950952
29.5,12.0,16.0,4,2,1,1,0,0,0,0,0,0,"Bachelor’s degree (B.A., B.S., B.Eng., etc.)",Employed,"Developer, back-end",100 to 499 employees,Individual contributor,Remote,"Internet, Telecomm or Information Services",Other,63797.0,59419.788665387554,4377.211334612446
29.5,9.0,14.0,4,10,0,0,0,1,0,0,0,1,"Bachelor’s degree (B.A., B.S., B.Eng., etc.)",Employed,"Developer, back-end","10,000 or more employees",Individual contributor,"Hybrid (some remote, leans heavy to in-person)",Software Development,Other,74249.0,62233.06737611111,12015.93262388889
49.5,27.0,25.0,5,2,0,1,1,1,0,1,0,0,Some college/university study without earning a degree,Employed,"Developer, full-stack",Less than 20 employees,Individual contributor,"Your choice (very flexible, you can come in when you want or just as needed)",Software Development,United Kingdom of Great Britain and Northern Ireland,81685.0,88149.09844016665,6464.09844016665
29.5,,,6,3,1,1,1,1,0,0,0,0,"Bachelor’s degree (B.A., B.S., B.Eng., etc.)",Employed,"Developer, full-stack",Less than 20 employees,Individual contributor,In-person,Software Development,Other,13195.0,32826.397008382104,19631.397008382104
49.5,28.0,30.0,2,2,0,0,0,1,0,0,0,1,"Associate degree (A.A., A.S., etc.)",Employed,Engineering manager,100 to 499 employees,Individual contributor,"Hybrid (some in-person, leans heavy to flexibility)","Internet, Telecomm or Information Services",Australia,120267.0,106693.42484097164,13573.575159028362
49.5,25.0,40.0,8,1,1,1,1,1,0,0,0,0,Some college/university study without earning a degree,Employed,"Developer, embedded applications or devices","10,000 or more employees",Individual contributor,"Hybrid (some remote, leans heavy to in-person)",Computer Systems Design and Services,Sweden,83857.0,93387.53455975684,9530.534559756838
59.5,30.0,35.0,3,4,0,1,1,0,0,0,0,0,"Bachelor’s degree (B.A., B.S., B.Eng., etc.)",Employed,"Senior executive (C-suite, VP, etc.)",100 to 499 employees,People manager,"Hybrid (some remote, leans heavy to in-person)",Higher Education,United Kingdom of Great Britain and Northern Ireland,231441.0,97330.07064281494,134110.92935718506
29.5,3.0,3.0,0,0,0,0,0,0,0,0,0,0,"Bachelor’s degree (B.A., B.S., B.Eng., etc.)",Employed,"Developer, back-end",Less than 20 employees,Individual contributor,In-person,Software Development,India,2790.0,11792.841220479851,9002.841220479851
21.0,3.0,7.0,6,0,0,1,1,0,1,0,0,0,"Bachelor’s degree (B.A., B.S., B.Eng., etc.)",Employed,"Developer, mobile",Less than 20 employees,Individual contributor,"Hybrid (some remote, leans heavy to in-person)",Software Development,Other,13209.0,18830.574889171847,5621.574889171847
29.5,12.0,13.0,5,3,1,0,0,1,0,0,0,0,"Bachelor’s degree (B.A., B.S., B.Eng., etc.)",Employed,Data engineer,"5,000 to 9,999 employees",Individual contributor,Remote,Government,United States of America,87000.0,151077.61920203635,64077.61920203635
39.5,2.0,8.0,7,1,0,1,0,1,0,1,0,0,"Bachelor’s degree (B.A., B.S., B.Eng., etc.)",Employed,"Developer, full-stack","10,000 or more employees",Individual contributor,Remote,Software Development,United States of America,55000.0,96924.69985874387,41924.69985874387
29.5,8.0,12.0,4,1,0,1,0,1,0,1,0,0,"Associate degree (A.A., A.S., etc.)",Employed,"Developer, full-stack",100 to 499 employees,Individual contributor,"Your choice (very flexible, you can come in when you want or just as needed)","Internet, Telecomm or Information Services",France,34108.0,67800.47691869207,33692.476918692075
29.5,5.0,11.0,12,8,1,1,1,1,1,0,0,1,Some college/university study without earning a degree,Employed,"Developer, full-stack",20 to 99 employees,Individual contributor,"Hybrid (some remote, leans heavy to in-person)",Software Development,Other,28066.0,44525.60882726956,16459.608827269563
39.5,20.0,23.0,5,3,0,1,0,1,0,0,0,0,"Bachelor’s degree (B.A., B.S., B.Eng., etc.)",Employed,"Developer, full-stack",100 to 499 employees,People manager,"Hybrid (some in-person, leans heavy to flexibility)",Software Development,United States of America,160000.0,154601.22483854953,5398.775161450467
59.5,31.0,42.0,4,0,0,0,0,0,0,0,1,0,Some college/university study without earning a degree,Employed,"Developer, mobile",100 to 499 employees,Individual contributor,Remote,Other:,United States of America,152000.0,178904.92983597526,26904.929835975257
49.5,28.0,36.0,4,1,1,1,0,0,0,0,0,0,Primary/elementary school,Employed,Other,Less than 20 employees,Individual contributor,Remote,Software Development,Other,92812.0,45277.39813890164,47534.60186109836
39.5,14.0,28.0,6,6,1,1,0,1,0,0,0,0,"Master’s degree (M.A., M.S., M.Eng., MBA, etc.)",Employed,Data scientist,500 to 999 employees,Individual contributor,Remote,"Internet, Telecomm or Information Services",Italy,55687.0,75672.5139654306,19985.513965430597
29.5,7.0,7.0,6,5,1,1,1,1,0,0,0,0,"Associate degree (A.A., A.S., etc.)",Employed,"Developer, back-end",Less than 20 employees,Individual contributor,Remote,Software Development,Spain,34804.0,40846.38977865324,6042.38977865324
29.5,5.0,6.0,7,4,1,0,0,1,0,0,1,0,Some college/university study without earning a degree,Employed,"Developer, back-end",20 to 99 employees,Individual contributor,"Hybrid (some in-person, leans heavy to flexibility)",Software Development,Hungary,3759.0,29086.74660218442,25327.74660218442
39.5,10.0,12.0,4,2,1,1,0,0,0,0,1,0,"Bachelor’s degree (B.A., B.S., B.Eng., etc.)",Employed,"Developer, back-end","1,000 to 4,999 employees",Individual contributor,Remote,Fintech,Canada,149565.0,91167.18199726133,58397.81800273867
39.5,15.0,17.0,6,5,1,1,1,1,0,0,1,0,"Master’s degree (M.A., M.S., M.Eng., MBA, etc.)",Employed,"Developer, back-end","10,000 or more employees",Individual contributor,Remote,Software Development,Australia,104015.0,124343.14677759484,20328.14677759484
29.5,7.0,19.0,13,7,1,1,1,1,0,0,1,0,"Master’s degree (M.A., M.S., M.Eng., MBA, etc.)",Employed,DevOps engineer or professional,"10,000 or more employees",Individual contributor,Remote,Other:,Germany,93972.0,94275.15134555432,303.15134555431723
49.5,34.0,40.0,0,0,0,0,0,0,0,0,0,0,"Master’s degree (M.A., M.S., M.Eng., MBA, etc.)",Employed,Data scientist,20 to 99 employees,Individual contributor,"Hybrid (some in-person, leans heavy to flexibility)",Healthcare,Germany,127616.0,88156.12316993327,39459.87683006673
49.5,25.0,30.0,12,5,1,1,1,1,0,1,1,1,"Bachelor’s degree (B.A., B.S., B.Eng., etc.)",Employed,"Developer, full-stack","5,000 to 9,999 employees",Individual contributor,"Hybrid (some remote, leans heavy to in-person)",Banking/Financial Services,Canada,83902.0,102054.55034802333,18152.55034802333
29.5,10.0,19.0,5,6,1,1,0,0,0,0,0,0,"Bachelor’s degree (B.A., B.S., B.Eng., etc.)","Independent contractor, freelancer, or self-employed","Developer, full-stack",Unknown,Unknown,Unknown,Software Development,Other,46000.0,55963.1678191,9963.167819100003
59.5,18.0,41.0,6,4,0,1,0,1,0,1,0,0,"Master’s degree (M.A., M.S., M.Eng., MBA, etc.)",Employed,"Developer, full-stack",Less than 20 employees,Individual contributor,Remote,Software Development,Australia,84512.0,84390.38272594911,121.61727405089187
29.5,5.0,6.0,2,5,1,0,0,0,0,0,0,1,"Professional degree (JD, MD, Ph.D, Ed.D, etc.)",Employed,Data scientist,20 to 99 employees,Individual contributor,Remote,Other:,United Kingdom of Great Britain and Northern Ireland,54457.0,72115.57637788168,17658.576377881676
29.5,10.0,10.0,5,2,1,1,1,0,0,1,0,0,"Bachelor’s degree (B.A., B.S., B.Eng., etc.)",Employed,"Developer, full-stack","10,000 or more employees",Individual contributor,Remote,Other:,United Kingdom of Great Britain and Northern Ireland,149756.0,83648.28862659325,66107.71137340675
29.5,7.0,9.0,7,9,0,1,1,1,1,0,0,0,Some college/university study without earning a degree,Not employed,"Developer, full-stack",Unknown,Unknown,Unknown,Unknown,Italy,31205.0,44586.31896408415,13381.318964084152
39.5,10.0,15.0,5,6,1,1,0,0,1,0,0,0,"Bachelor’s degree (B.A., B.S., B.Eng., etc.)","Independent contractor, freelancer, or self-employed","Developer, full-stack",Less than 20 employees,People manager,"Your choice (very flexible, you can come in when you want or just as needed)",Software Development,Other,7748.0,42571.228159307604,34823.228159307604
39.5,11.0,20.0,12,9,1,1,0,1,1,0,1,0,"Master’s degree (M.A., M.S., M.Eng., MBA, etc.)","Independent contractor, freelancer, or self-employed","Developer, back-end",Unknown,Unknown,Unknown,Retail and Consumer Services,Czech Republic,70208.0,86825.05855757574,16617.058557575743
29.5,3.0,8.0,6,4,1,1,1,0,0,0,0,0,"Master’s degree (M.A., M.S., M.Eng., MBA, etc.)",Employed,"Developer, back-end",20 to 99 employees,Individual contributor,In-person,Software Development,Denmark,83981.0,37976.766499036974,46004.233500963026
29.5,6.0,10.0,5,4,1,1,0,1,0,0,0,0,"Bachelor’s degree (B.A., B.S., B.Eng., etc.)",Employed,Data engineer,20 to 99 employees,People manager,In-person,Fintech,Other,33966.0,29252.267184959812,4713.732815040188
49.5,26.0,20.0,7,5,1,1,1,1,0,0,0,0,Some college/university study without earning a degree,Employed,"Developer, back-end",Less than 20 employees,Individual contributor,"Your choice (very flexible, you can come in when you want or just as needed)",Fintech,Canada,87550.0,78998.20149157746,8551.798508422537
49.5,28.0,25.0,3,3,1,1,0,1,0,0,0,0,"Bachelor’s degree (B.A., B.S., B.Eng., etc.)","Independent contractor, freelancer, or self-employed",Data engineer,"Just me - I am a freelancer, sole proprietor, etc.",Individual contributor,"Hybrid (some in-person, leans heavy to flexibility)",Software Development,Netherlands,174022.0,77136.34538527724,96885.65461472276
29.5,11.0,8.0,2,1,0,0,1,0,0,1,0,0,"Bachelor’s degree (B.A., B.S., B.Eng., etc.)",Employed,"Developer, full-stack",20 to 99 employees,Individual contributor,"Hybrid (some in-person, leans heavy to flexibility)",Insurance,United States of America,135000.0,113796.66796396894,21203.33203603106
21.0,3.0,14.0,3,4,1,0,0,1,0,0,0,0,Some college/university study without earning a degree,Student,Data scientist,"1,000 to 4,999 employees",Individual contributor,Remote,Software Development,Germany,11601.0,31262.20309950671,19661.20309950671
29.5,8.0,10.0,5,2,0,0,0,1,0,1,0,0,Some college/university study without earning a degree,Employed,"Developer, full-stack",500 to 999 employees,Individual contributor,"Hybrid (some remote, leans heavy to in-person)",Higher Education,United States of America,127000.0,115767.93228692918,11232.06771307082
39.5,8.0,9.0,5,2,0,1,0,1,0,0,0,0,"Bachelor’s degree (B.A., B.S., B.Eng., etc.)",Employed,"Developer, full-stack",Less than 20 employees,Unknown,Unknown,Other:,Germany,90491.0,47216.92437391335,43274.07562608665
39.5,19.0,25.0,4,3,0,1,1,0,0,0,0,0,"Bachelor’s degree (B.A., B.S., B.Eng., etc.)","Independent contractor, freelancer, or self-employed","Developer, back-end",Unknown,Unknown,Unknown,Retail and Consumer Services,Ukraine,11504.0,50690.26719710723,39186.26719710723
29.5,2.0,9.0,6,2,1,1,0,1,0,0,0,0,"Professional degree (JD, MD, Ph.D, Ed.D, etc.)",Employed,Data scientist,100 to 499 employees,Individual contributor,"Hybrid (some remote, leans heavy to in-person)",Other:,United States of America,165000.0,97832.05980072032,67167.94019927968
39.5,19.0,10.0,8,3,1,1,1,1,1,1,0,0,"Master’s degree (M.A., M.S., M.Eng., MBA, etc.)",Employed,"Developer, back-end",500 to 999 employees,Individual contributor,Remote,Other:,Germany,150819.0,72187.76344875396,78631.23655124604
29.5,3.0,7.0,12,11,1,1,1,1,1,0,1,0,"Master’s degree (M.A., M.S., M.Eng., MBA, etc.)",Employed,"Developer, full-stack","1,000 to 4,999 employees",Individual contributor,"Your choice (very flexible, you can come in when you want or just as needed)",Software Development,India,23248.0,13805.779307066929,9442.220692933071
39.5,15.0,19.0,6,8,0,1,1,1,0,1,0,0,"Master’s degree (M.A., M.S., M.Eng., MBA, etc.)",Employed,"Architect, software or solutions",20 to 99 employees,Individual contributor,"Hybrid (some remote, leans heavy to in-person)",Media & Advertising Services,France,83531.0,87080.62173220473,3549.6217322047305
39.5,17.0,20.0,4,3,1,0,0,1,0,1,0,0,"Master’s degree (M.A., M.S., M.Eng., MBA, etc.)",Employed,Data engineer,500 to 999 employees,Individual contributor,"Hybrid (some in-person, leans heavy to flexibility)",Fintech,Other,84568.0,66202.00098481152,18365.999015188485
39.5,14.0,14.0,7,3,1,1,1,1,0,0,0,0,"Bachelor’s degree (B.A., B.S., B.Eng., etc.)","Independent contractor, freelancer, or self-employed","Architect, software or solutions","Just me - I am a freelancer, sole proprietor, etc.",Individual contributor,Remote,Software Development,Italy,58007.0,76775.54127843925,18768.541278439254
29.5,10.0,16.0,0,0,0,0,0,0,0,0,0,0,"Bachelor’s degree (B.A., B.S., B.Eng., etc.)",Employed,"Developer, full-stack",100 to 499 employees,Individual contributor,In-person,Software Development,Other,49014.0,38747.37437918052,10266.625620819483
29.5,10.0,20.0,4,0,1,0,0,0,0,0,0,0,"Professional degree (JD, MD, Ph.D, Ed.D, etc.)",Employed,Engineering manager,Less than 20 employees,Individual contributor,"Hybrid (some remote, leans heavy to in-person)",Software Development,United Kingdom of Great Britain and Northern Ireland,95299.0,92482.98416331658,2816.015836683422
29.5,5.0,9.0,9,7,1,1,1,1,0,0,1,1,"Professional degree (JD, MD, Ph.D, Ed.D, etc.)",Employed,"Developer, full-stack",20 to 99 employees,Individual contributor,Remote,Higher Education,Other,27992.0,27375.521620081112,616.4783799188881
21.0,2.0,10.0,10,0,1,0,0,0,0,1,0,1,"Bachelor’s degree (B.A., B.S., B.Eng., etc.)",Employed,Other,20 to 99 employees,Individual contributor,"Hybrid (some in-person, leans heavy to flexibility)",Other:,United Kingdom of Great Britain and Northern Ireland,70113.0,53408.226562407755,16704.773437592245
39.5,12.0,15.0,3,4,1,1,1,0,0,0,0,0,"Bachelor’s degree (B.A., B.S., B.Eng., etc.)","Independent contractor, freelancer, or self-employed","Developer, full-stack",Unknown,Unknown,Unknown,Retail and Consumer Services,Poland,130992.0,71807.4679953908,59184.532004609195
49.5,25.0,29.0,5,1,1,0,0,0,0,0,1,0,"Professional degree (JD, MD, Ph.D, Ed.D, etc.)",Employed,"Developer, back-end","1,000 to 4,999 employees",Individual contributor,"Hybrid (some in-person, leans heavy to flexibility)",Software Development,United States of America,300000.0,179288.19363607472,120711.80636392528
29.5,11.0,20.0,1,0,0,0,0,0,0,1,0,0,"Bachelor’s degree (B.A., B.S., B.Eng., etc.)",Employed,"Developer, mobile",100 to 499 employees,Individual contributor,Remote,Healthcare,United Kingdom of Great Britain and Northern Ireland,74878.0,104186.98382866393,29308.983828663928
39.5,15.0,25.0,3,2,1,0,0,0,1,0,0,1,"Bachelor’s degree (B.A., B.S., B.Eng., etc.)",Employed,"Developer, back-end",20 to 99 employees,Individual contributor,"Hybrid (some in-person, leans heavy to flexibility)",Media & Advertising Services,Netherlands,92812.0,90364.71603051254,2447.2839694874565
39.5,13.0,14.0,3,3,1,0,0,0,0,0,1,0,"Bachelor’s degree (B.A., B.S., B.Eng., etc.)",Employed,"Developer, back-end",20 to 99 employees,Individual contributor,"Hybrid (some in-person, leans heavy to flexibility)",Software Development,Ukraine,60000.0,43110.64412588371,16889.355874116292
39.5,7.0,10.0,5,2,0,1,0,1,0,0,0,0,Some college/university study without earning a degree,Employed,"Developer, full-stack",100 to 499 employees,Individual contributor,"Hybrid (some remote, leans heavy to in-person)",Software Development,Canada,56908.0,70543.36406494901,13635.364064949012
39.5,18.0,20.0,2,1,0,1,0,0,0,0,0,0,"Associate degree (A.A., A.S., etc.)","Independent contractor, freelancer, or self-employed","Developer, full-stack","Just me - I am a freelancer, sole proprietor, etc.",Individual contributor,"Your choice (very flexible, you can come in when you want or just as needed)",Software Development,Ukraine,119831.0,44879.53231785135,74951.46768214865
29.5,15.0,15.0,4,0,0,0,0,0,0,0,0,1,"Master’s degree (M.A., M.S., M.Eng., MBA, etc.)",Employed,"Developer, desktop or enterprise applications",100 to 499 employees,Individual contributor,"Hybrid (some in-person, leans heavy to flexibility)",Computer Systems Design and Services,Other,67772.0,63425.27291504719,4346.727084952807
39.5,7.0,12.0,5,0,0,1,1,0,0,0,0,0,"Master’s degree (M.A., M.S., M.Eng., MBA, etc.)",Employed,"Developer, front-end","1,000 to 4,999 employees",Individual contributor,Remote,Banking/Financial Services,Ukraine,41765.0,40320.061987308436,1444.938012691564
29.5,4.0,7.0,5,1,0,1,1,1,0,1,0,0,"Master’s degree (M.A., M.S., M.Eng., MBA, etc.)",Employed,"Developer, back-end",100 to 499 employees,Individual contributor,Remote,Software Development,United Kingdom of Great Britain and Northern Ireland,54457.0,56331.21445684352,1874.2144568435178
29.5,8.0,14.0,1,2,0,0,0,0,0,0,0,0,Some college/university study without earning a degree,Employed,"Developer, back-end",20 to 99 employees,Individual contributor,Remote,Software Development,India,22086.0,40096.424295722936,18010.424295722936
39.5,17.0,23.0,2,0,0,0,0,0,0,0,0,0,"Master’s degree (M.A., M.S., M.Eng., MBA, etc.)",Employed,"Developer, embedded applications or devices","1,000 to 4,999 employees",Individual contributor,In-person,Software Development,Other,111428.0,51567.472874770145,59860.527125229855
29.5,5.0,5.0,0,0,0,0,0,0,0,0,0,0,"Bachelor’s degree (B.A., B.S., B.Eng., etc.)",Employed,"Developer, mobile",Less than 20 employees,Individual contributor,In-person,Software Development,Other,9891.0,10897.981893458398,1006.9818934583982
39.5,3.0,22.0,5,1,0,1,1,1,0,1,0,0,"Bachelor’s degree (B.A., B.S., B.Eng., etc.)",Employed,"Developer, full-stack",100 to 499 employees,Individual contributor,"Hybrid (some remote, leans heavy to in-person)",Other:,United States of America,95000.0,114917.02349529513,19917.02349529513
49.5,23.0,25.0,7,1,0,1,0,0,0,1,1,0,"Bachelor’s degree (B.A., B.S., B.Eng., etc.)",Employed,"Developer, full-stack",500 to 999 employees,Individual contributor,Remote,Software Development,United States of America,138000.0,166889.17274194406,28889.172741944058
29.5,10.0,10.0,6,3,0,1,1,1,0,0,1,0,"Bachelor’s degree (B.A., B.S., B.Eng., etc.)",Employed,"Developer, full-stack",20 to 99 employees,People manager,In-person,Software Development,India,11391.0,24374.308864192342,12983.308864192342
49.5,25.0,30.0,4,1,0,0,0,1,1,1,0,0,"Bachelor’s degree (B.A., B.S., B.Eng., etc.)",Employed,"Developer, full-stack",100 to 499 employees,Individual contributor,"Hybrid (some in-person, leans heavy to flexibility)",Retail and Consumer Services,Other,67655.0,64044.757217495775,3610.242782504225
29.5,8.0,12.0,6,6,1,1,0,1,0,0,0,0,"Master’s degree (M.A., M.S., M.Eng., MBA, etc.)",Employed,"Developer, full-stack",Less than 20 employees,Individual contributor,Remote,Software Development,India,7323.0,24623.465376935477,17300.465376935477
39.5,3.0,5.0,7,5,0,0,1,1,0,0,0,0,"Secondary school (e.g. American high school, German Realschule or Gymnasium, etc.)",Employed,"Developer, full-stack",100 to 499 employees,Individual contributor,"Hybrid (some in-person, leans heavy to flexibility)",Software Development,Belgium,34804.0,33886.118558545866,917.8814414541339
49.5,30.0,30.0,10,10,1,1,1,1,0,0,0,0,"Bachelor’s degree (B.A., B.S., B.Eng., etc.)",Employed,"Developer, full-stack","1,000 to 4,999 employees",Individual contributor,"Hybrid (some in-person, leans heavy to flexibility)",Energy,United States of America,170000.0,153994.6473677957,16005.352632204304
29.5,7.0,10.0,0,0,0,0,0,0,0,0,0,0,"Master’s degree (M.A., M.S., M.Eng., MBA, etc.)",Employed,"Developer, full-stack",100 to 499 employees,Individual contributor,In-person,Software Development,Other,8051.0,32939.34605544265,24888.34605544265
29.5,4.0,6.0,11,3,1,1,0,1,1,0,0,1,"Master’s degree (M.A., M.S., M.Eng., MBA, etc.)",Employed,"Developer, mobile",Less than 20 employees,Individual contributor,In-person,Retail and Consumer Services,Greece,11601.0,26502.763843190856,14901.763843190856
29.5,10.0,13.0,3,0,1,0,0,0,1,0,0,0,"Bachelor’s degree (B.A., B.S., B.Eng., etc.)",Employed,"Developer, mobile","10,000 or more employees",Individual contributor,Remote,Banking/Financial Services,Turkey,42416.0,79746.64941465936,37330.64941465936
59.5,35.0,48.0,7,2,1,1,1,1,1,0,0,0,"Professional degree (JD, MD, Ph.D, Ed.D, etc.)",Employed,"Developer, back-end","10,000 or more employees",Individual contributor,"Hybrid (some in-person, leans heavy to flexibility)",Healthcare,United States of America,180000.0,199231.43114145307,19231.431141453068
29.5,8.0,10.0,0,0,0,0,0,0,0,0,0,0,"Professional degree (JD, MD, Ph.D, Ed.D, etc.)","Independent contractor, freelancer, or self-employed","Developer, back-end",Unknown,Unknown,Unknown,Software Development,Ukraine,60000.0,35889.656526748295,24110.343473251705
49.5,25.0,26.0,4,1,0,1,1,0,0,1,0,0,"Bachelor’s degree (B.A., B.S., B.Eng., etc.)",Employed,"Developer, full-stack",Less than 20 employees,Individual contributor,"Hybrid (some in-person, leans heavy to flexibility)",Software Development,United States of America,157500.0,135631.97180462943,21868.02819537057
21.0,1.0,4.0,4,1,1,1,0,1,0,0,0,0,"Bachelor’s degree (B.A., B.S., B.Eng., etc.)",Employed,Data engineer,Less than 20 employees,Individual contributor,In-person,Software Development,United States of America,107000.0,50202.06195215971,56797.93804784029
39.5,18.0,18.0,5,0,0,1,1,0,0,0,0,1,Some college/university study without earning a degree,Employed,"Architect, software or solutions",20 to 99 employees,People manager,"Hybrid (some remote, leans heavy to in-person)",Retail and Consumer Services,Italy,76570.0,84299.70933855149,7729.709338551489
39.5,15.0,18.0,6,0,1,0,0,0,0,1,0,0,"Bachelor’s degree (B.A., B.S., B.Eng., etc.)",Employed,Other,100 to 499 employees,Individual contributor,"Hybrid (some in-person, leans heavy to flexibility)",Software Development,Netherlands,81210.0,84732.44270799613,3522.4427079961315
29.5,6.0,11.0,3,0,0,0,0,0,0,1,0,0,"Bachelor’s degree (B.A., B.S., B.Eng., etc.)",Employed,Other,500 to 999 employees,Individual contributor,In-person,Software Development,India,13949.0,31079.01348731583,17130.01348731583
39.5,11.0,15.0,4,0,0,1,1,0,1,0,0,0,Some college/university study without earning a degree,Employed,Other,500 to 999 employees,Individual contributor,Remote,Software Development,Romania,69609.0,73168.34251976642,3559.3425197664183
21.0,2.0,8.0,3,1,1,0,0,1,0,0,0,0,"Bachelor’s degree (B.A., B.S., B.Eng., etc.)",Employed,Other,"1,000 to 4,999 employees",Individual contributor,In-person,Banking/Financial Services,Other,5383.0,18176.422656091203,12793.422656091203
39.5,20.0,25.0,3,0,1,1,0,0,0,0,0,0,"Bachelor’s degree (B.A., B.S., B.Eng., etc.)",Employed,"Developer, front-end",Less than 20 employees,Individual contributor,Remote,Software Development,Austria,25523.0,70191.81023074867,44668.81023074867
21.0,2.0,6.0,7,3,1,0,1,1,0,0,1,0,"Master’s degree (M.A., M.S., M.Eng., MBA, etc.)",Employed,"Developer, full-stack",100 to 499 employees,Individual contributor,"Hybrid (some remote, leans heavy to in-person)",Other:,France,55687.0,40487.33067520065,15199.669324799353
21.0,3.0,8.0,5,0,1,1,1,0,0,1,0,0,"Bachelor’s degree (B.A., B.S., B.Eng., etc.)",Employed,Other,20 to 99 employees,Individual contributor,"Hybrid (some remote, leans heavy to in-person)",Software Development,Other,12291.0,28977.976063776325,16686.976063776325
29.5,10.0,12.0,8,5,1,1,1,1,1,0,1,0,"Master’s degree (M.A., M.S., M.Eng., MBA, etc.)",Employed,DevOps engineer or professional,"10,000 or more employees",Individual contributor,Remote,Software Development,United States of America,260000.0,190850.54464229802,69149.45535770198
29.5,3.0,11.0,4,1,0,1,0,1,0,1,0,0,"Bachelor’s degree (B.A., B.S., B.Eng., etc.)",Employed,"Developer, back-end",Less than 20 employees,Individual contributor,In-person,Retail and Consumer Services,Netherlands,48726.0,37127.022209347124,11598.977790652876
39.5,13.0,15.0,0,3,0,0,0,0,0,0,0,0,"Associate degree (A.A., A.S., etc.)",Employed,"Developer, mobile",500 to 999 employees,Individual contributor,Remote,Software Development,Germany,99773.0,82547.80024796426,17225.19975203574
29.5,12.0,18.0,8,6,1,1,0,1,1,1,0,0,"Bachelor’s degree (B.A., B.S., B.Eng., etc.)",Employed,"Architect, software or solutions","5,000 to 9,999 employees",Individual contributor,"Your choice (very flexible, you can come in when you want or just as needed)",Media & Advertising Services,India,65000.0,43680.655684634585,21319.344315365415
29.5,8.0,18.0,0,0,0,0,0,0,0,0,0,0,"Master’s degree (M.A., M.S., M.Eng., MBA, etc.)",Employed,"Architect, software or solutions",500 to 999 employees,Individual contributor,Remote,Manufacturing,Romania,30327.0,77125.48369109485,46798.48369109485
39.5,20.0,27.0,8,2,1,1,1,0,1,0,0,0,"Master’s degree (M.A., M.S., M.Eng., MBA, etc.)",Employed,"Developer, full-stack","10,000 or more employees",Individual contributor,Remote,Software Development,United States of America,220000.0,194750.2154704329,25249.784529567114
49.5,30.0,30.0,2,1,0,0,0,1,0,1,0,0,Some college/university study without earning a degree,Employed,"Developer, desktop or enterprise applications",Less than 20 employees,People manager,"Your choice (very flexible, you can come in when you want or just as needed)",Software Development,Italy,34804.0,63683.72544395231,28879.72544395231
39.5,16.0,23.0,4,1,0,1,1,0,0,1,0,0,"Master’s degree (M.A., M.S., M.Eng., MBA, etc.)",Employed,"Developer, full-stack","1,000 to 4,999 employees",People manager,"Hybrid (some in-person, leans heavy to flexibility)",Software Development,Other,113651.0,67266.16584525637,46384.83415474363
29.5,3.0,13.0,9,4,1,0,0,1,0,0,1,1,"Master’s degree (M.A., M.S., M.Eng., MBA, etc.)",Employed,Other,20 to 99 employees,Individual contributor,In-person,Software Development,United States of America,80000.0,117748.97075513833,37748.97075513833
39.5,11.0,11.0,9,9,1,1,1,1,1,1,0,0,"Master’s degree (M.A., M.S., M.Eng., MBA, etc.)","Independent contractor, freelancer, or self-employed","Developer, full-stack",100 to 499 employees,People manager,Remote,Software Development,Other,7279.0,54389.22943198738,47110.22943198738
29.5,8.0,16.0,8,1,0,1,1,0,0,1,0,0,"Bachelor’s degree (B.A., B.S., B.Eng., etc.)",Employed,"Developer, desktop or enterprise applications","5,000 to 9,999 employees",Individual contributor,"Hybrid (some remote, leans heavy to in-person)",Software Development,United States of America,96000.0,150499.8093307735,54499.80933077351
29.5,6.0,15.0,3,1,1,0,0,1,0,0,0,0,"Master’s degree (M.A., M.S., M.Eng., MBA, etc.)",Employed,Engineering manager,Less than 20 employees,People manager,"Hybrid (some remote, leans heavy to in-person)",Other:,Other,38171.0,45815.68493079398,7644.684930793977
39.5,13.0,30.0,7,3,1,1,1,1,0,0,0,0,"Professional degree (JD, MD, Ph.D, Ed.D, etc.)",Employed,DevOps engineer or professional,Less than 20 employees,Individual contributor,In-person,Other:,United States of America,160000.0,125643.47067633571,34356.52932366429
49.5,29.0,37.0,3,3,0,0,0,1,1,0,0,0,"Bachelor’s degree (B.A., B.S., B.Eng., etc.)",Employed,"Architect, software or solutions",500 to 999 employees,Individual contributor,"Hybrid (some in-person, leans heavy to flexibility)",Banking/Financial Services,Switzerland,198389.0,168962.59935821383,29426.400641786167
39.5,12.0,8.0,5,4,1,0,0,1,0,0,0,0,"Professional degree (JD, MD, Ph.D, Ed.D, etc.)",Employed,Data scientist,"10,000 or more employees",Individual contributor,"Hybrid (some in-person, leans heavy to flexibility)",Retail and Consumer Services,Germany,111374.0,65930.28911349294,45443.71088650706
39.5,20.0,25.0,7,5,1,1,1,1,0,1,0,0,"Bachelor’s degree (B.A., B.S., B.Eng., etc.)",Employed,"Architect, software or solutions",100 to 499 employees,People manager,Remote,Computer Systems Design and Services,Other,25202.0,67512.33448503705,42310.33448503705
21.0,2.0,6.0,7,1,0,1,1,0,0,0,1,0,"Bachelor’s degree (B.A., B.S., B.Eng., etc.)",Employed,"Developer, full-stack",20 to 99 employees,Individual contributor,Remote,Other:,Poland,26198.0,30899.198047821097,4701.198047821097
49.5,25.0,33.0,2,4,1,0,0,1,0,0,0,0,Some college/university study without earning a degree,"Independent contractor, freelancer, or self-employed","Developer, back-end",Unknown,Unknown,Unknown,Healthcare,Poland,160000.0,74229.58854096188,85770.41145903812
39.5,6.0,8.0,7,2,0,1,1,1,0,1,0,0,"Bachelor’s degree (B.A., B.S., B.Eng., etc.)",Employed,"Developer, full-stack",20 to 99 employees,Individual contributor,In-person,Other:,Australia,97855.0,51632.287965408876,46222.712034591124
39.5,14.0,17.0,6,1,0,0,1,1,0,1,0,0,"Secondary school (e.g. American high school, German Realschule or Gymnasium, etc.)",Employed,"Developer, desktop or enterprise applications",20 to 99 employees,Individual contributor,"Your choice (very flexible, you can come in when you want or just as needed)",Software Development,Germany,84691.0,77758.83192495254,6932.1680750474625
29.5,5.0,12.0,3,0,1,0,0,0,0,0,0,1,"Master’s degree (M.A., M.S., M.Eng., MBA, etc.)",Employed,AI/ML engineer,"10,000 or more employees",Individual contributor,"Hybrid (some in-person, leans heavy to flexibility)",Banking/Financial Services,Netherlands,81210.0,73890.30755856034,7319.6924414396635
29.5,4.0,8.0,5,5,1,1,1,0,0,0,0,0,"Bachelor’s degree (B.A., B.S., B.Eng., etc.)",Employed,"Developer, mobile",20 to 99 employees,Individual contributor,Remote,Software Development,Other,21600.0,23661.499436158505,2061.499436158505
29.5,6.0,6.0,5,1,1,1,0,0,0,0,0,0,Some college/university study without earning a degree,Not employed,"Developer, front-end",Unknown,Unknown,Unknown,Unknown,Netherlands,41765.0,45715.12861368632,3950.12861368632
39.5,12.0,16.0,5,0,1,1,0,1,0,0,0,0,"Bachelor’s degree (B.A., B.S., B.Eng., etc.)",Employed,"Developer, desktop or enterprise applications","1,000 to 4,999 employees",Individual contributor,"Hybrid (some in-person, leans heavy to flexibility)",Software Development,United States of America,150000.0,153333.10356994302,3333.1035699430213
29.5,10.0,14.0,3,0,1,1,0,1,0,0,0,0,"Bachelor’s degree (B.A., B.S., B.Eng., etc.)",Employed,"Developer, back-end",100 to 499 employees,Individual contributor,Remote,Healthcare,United States of America,179000.0,145811.27550296087,33188.72449703913
49.5,25.0,25.0,3,0,1,0,0,0,0,0,0,0,"Secondary school (e.g. American high school, German Realschule or Gymnasium, etc.)",Not employed,DevOps engineer or professional,Unknown,Unknown,Unknown,Unknown,Czech Republic,78633.0,73048.84747199652,5584.152528003484
39.5,10.0,15.0,7,2,1,1,1,1,0,0,0,1,"Bachelor’s degree (B.A., B.S., B.Eng., etc.)",Employed,"Developer, full-stack",I don’t know,Individual contributor,"Hybrid (some remote, leans heavy to in-person)","Internet, Telecomm or Information Services",United States of America,97000.0,154820.63192631153,57820.63192631153
39.5,20.0,25.0,7,2,0,1,1,1,1,1,0,0,Some college/university study without earning a degree,Employed,"Developer, full-stack",20 to 99 employees,Individual contributor,"Hybrid (some remote, leans heavy to in-person)",Software Development,Sweden,47799.0,81214.30866153286,33415.308661532865
39.5,14.0,17.0,8,2,1,0,1,1,0,1,0,0,"Bachelor’s degree (B.A., B.S., B.Eng., etc.)",Employed,"Architect, software or solutions",20 to 99 employees,People manager,Remote,Software Development,France,58007.0,83288.3345500013,25281.334550001295
29.5,6.0,11.0,5,1,0,0,0,0,1,1,1,0,"Master’s degree (M.A., M.S., M.Eng., MBA, etc.)",Employed,"Developer, desktop or enterprise applications","5,000 to 9,999 employees",Individual contributor,"Hybrid (some remote, leans heavy to in-person)",Energy,Other,54527.0,53022.08300118774,1504.9169988122594
49.5,25.0,25.0,7,11,0,1,1,1,0,0,1,0,"Bachelor’s degree (B.A., B.S., B.Eng., etc.)",Employed,"Developer, back-end",100 to 499 employees,Individual contributor,Remote,Software Development,Other,100000.0,66956.28528373795,33043.71471626205
39.5,12.0,15.0,3,2,1,0,0,1,0,0,0,0,"Master’s degree (M.A., M.S., M.Eng., MBA, etc.)",Not employed,Data scientist,Unknown,Unknown,Unknown,Unknown,United States of America,123000.0,142880.61506864568,19880.615068645682
29.5,9.0,10.0,1,0,0,0,0,0,0,1,0,0,"Master’s degree (M.A., M.S., M.Eng., MBA, etc.)",Employed,"Developer, full-stack",100 to 499 employees,People manager,"Hybrid (some in-person, leans heavy to flexibility)",Fintech,United Kingdom of Great Britain and Northern Ireland,163370.0,77960.38740860437,85409.61259139563
39.5,21.0,29.0,8,2,1,1,0,1,1,0,0,0,"Bachelor’s degree (B.A., B.S., B.Eng., etc.)",Employed,"Developer, desktop or enterprise applications","10,000 or more employees",Individual contributor,"Hybrid (some remote, leans heavy to in-person)",Software Development,United States of America,218000.0,190030.46644148658,27969.533558513416
49.5,27.0,27.0,5,1,0,1,0,1,0,0,0,0,Some college/university study without earning a degree,Employed,"Developer, full-stack",500 to 999 employees,Individual contributor,Remote,Manufacturing,United States of America,112500.0,151482.85778736745,38982.85778736745
29.5,2.0,4.0,4,6,1,1,1,0,0,0,0,0,"Bachelor’s degree (B.A., B.S., B.Eng., etc.)",Employed,"Developer, full-stack",20 to 99 employees,Unknown,"Hybrid (some in-person, leans heavy to flexibility)",Media & Advertising Services,Other,4363.0,19287.42080972694,14924.42080972694
21.0,,6.0,8,1,1,1,0,0,1,0,0,1,"Bachelor’s degree (B.A., B.S., B.Eng., etc.)",Employed,Other,"10,000 or more employees",Individual contributor,"Hybrid (some in-person, leans heavy to flexibility)",Software Development,United Kingdom of Great Britain and Northern Ireland,29951.0,68391.6489699182,38440.6489699182
49.5,15.0,25.0,3,1,0,1,0,0,0,0,0,0,"Master’s degree (M.A., M.S., M.Eng., MBA, etc.)",Employed,"Developer, full-stack","5,000 to 9,999 employees",Individual contributor,Remote,Software Development,United States of America,151000.0,155414.52294330116,4414.5229433011555
39.5,18.0,28.0,4,3,1,1,1,0,1,0,0,0,"Master’s degree (M.A., M.S., M.Eng., MBA, etc.)",Employed,"Developer, back-end","10,000 or more employees",Individual contributor,Remote,Software Development,Czech Republic,93611.0,96186.13455439202,2575.134554392018
29.5,10.0,20.0,6,2,1,0,0,0,0,0,1,0,"Bachelor’s degree (B.A., B.S., B.Eng., etc.)",Employed,"Developer, back-end","10,000 or more employees",Individual contributor,"Hybrid (some remote, leans heavy to in-person)",Software Development,United States of America,635000.0,217493.40648900846,417506.59351099154
29.5,6.0,11.0,5,4,0,1,1,1,1,0,0,0,Some college/university study without earning a degree,Employed,"Developer, full-stack",100 to 499 employees,Individual contributor,"Your choice (very flexible, you can come in when you want or just as needed)",Software Development,Germany,64388.0,68845.66079602056,4457.660796020558
29.5,7.0,12.0,3,2,1,0,0,0,0,0,0,0,"Master’s degree (M.A., M.S., M.Eng., MBA, etc.)",Employed,Data engineer,100 to 499 employees,Individual contributor,In-person,Manufacturing,France,73089.0,65039.57639666953,8049.42360333047
21.0,2.0,4.0,5,6,1,1,0,1,0,1,0,0,"Secondary school (e.g. American high school, German Realschule or Gymnasium, etc.)",Employed,"Developer, full-stack",Less than 20 employees,Individual contributor,"Hybrid (some in-person, leans heavy to flexibility)",Software Development,Switzerland,10713.0,27317.90988548698,16604.90988548698
29.5,10.0,15.0,5,3,0,1,1,1,0,1,0,0,"Bachelor’s degree (B.A., B.S., B.Eng., etc.)",Employed,"Developer, full-stack",100 to 499 employees,Individual contributor,"Hybrid (some in-person, leans heavy to flexibility)",Other:,Netherlands,83531.0,72669.73766400847,10861.26233599153
39.5,13.0,27.0,5,3,0,0,0,0,1,0,0,1,"Master’s degree (M.A., M.S., M.Eng., MBA, etc.)","Independent contractor, freelancer, or self-employed","Developer, embedded applications or devices",Unknown,Unknown,Unknown,Software Development,Czech Republic,92812.0,94578.72467075185,1766.7246707518498
29.5,8.0,20.0,3,0,0,0,1,0,0,0,0,0,"Bachelor’s degree (B.A., B.S., B.Eng., etc.)",Employed,"Developer, mobile",100 to 499 employees,People manager,"Hybrid (some in-person, leans heavy to flexibility)",Software Development,Italy,44086.0,62051.2869417336,17965.286941733597
39.5,23.0,22.0,5,3,1,1,0,1,0,0,0,0,"Secondary school (e.g. American high school, German Realschule or Gymnasium, etc.)",Employed,"Developer, full-stack",Less than 20 employees,People manager,"Your choice (very flexible, you can come in when you want or just as needed)",Software Development,Italy,38285.0,61659.23367590957,23374.23367590957
39.5,13.0,20.0,5,2,1,1,0,0,1,0,0,0,"Bachelor’s degree (B.A., B.S., B.Eng., etc.)",Employed,"Developer, full-stack",500 to 999 employees,Individual contributor,"Hybrid (some in-person, leans heavy to flexibility)",Other:,United States of America,145699.0,151559.8105898372,5860.810589837201
39.5,11.0,16.0,5,5,1,1,1,0,0,0,0,0,"Master’s degree (M.A., M.S., M.Eng., MBA, etc.)",Employed,Other,"1,000 to 4,999 employees",Individual contributor,"Hybrid (some in-person, leans heavy to flexibility)",Software Development,Poland,108477.0,75500.24251101266,32976.757488987336
29.5,6.0,17.0,0,0,0,0,0,0,0,0,0,0,Some college/university study without earning a degree,Not employed,"Developer, full-stack",Unknown,Unknown,Unknown,Unknown,Czech Republic,42125.0,62298.12405408408,20173.12405408408
59.5,30.0,30.0,7,6,0,0,0,1,1,0,0,1,"Bachelor’s degree (B.A., B.S., B.Eng., etc.)",Employed,"Developer, mobile","5,000 to 9,999 employees",Individual contributor,"Hybrid (some in-person, leans heavy to flexibility)",Insurance,United States of America,190000.0,169483.8694281971,20516.130571802903
29.5,8.0,15.0,6,4,1,1,1,1,1,0,0,0,"Master’s degree (M.A., M.S., M.Eng., MBA, etc.)",Employed,"Developer, full-stack",100 to 499 employees,Individual contributor,In-person,Software Development,France,52207.0,65861.54261128654,13654.542611286539
29.5,5.0,9.0,9,1,0,1,1,1,0,1,0,1,"Master’s degree (M.A., M.S., M.Eng., MBA, etc.)",Employed,AI/ML engineer,"1,000 to 4,999 employees",Individual contributor,"Hybrid (some remote, leans heavy to in-person)",Software Development,United Kingdom of Great Britain and Northern Ireland,340354.0,80408.61304569864,259945.38695430136
29.5,6.0,9.0,1,0,0,0,0,0,0,0,0,0,"Bachelor’s degree (B.A., B.S., B.Eng., etc.)",Employed,"Developer, mobile",100 to 499 employees,Individual contributor,"Your choice (very flexible, you can come in when you want or just as needed)",Retail and Consumer Services,Czech Republic,89867.0,55367.95854892701,34499.04145107299
29.5,5.0,10.0,6,0,1,0,0,0,0,1,0,1,"Professional degree (JD, MD, Ph.D, Ed.D, etc.)",Employed,Other,"1,000 to 4,999 employees",Individual contributor,In-person,Software Development,Spain,27844.0,49032.76229496959,21188.762294969587
49.5,25.0,25.0,3,0,1,0,0,0,0,0,0,0,"Master’s degree (M.A., M.S., M.Eng., MBA, etc.)",Employed,"Developer, back-end","1,000 to 4,999 employees",Individual contributor,In-person,Banking/Financial Services,Other,624897.0,51567.472874770145,573329.5271252298
21.0,5.0,10.0,13,8,1,1,1,1,1,1,0,1,"Bachelor’s degree (B.A., B.S., B.Eng., etc.)",Employed,"Developer, full-stack",20 to 99 employees,People manager,"Hybrid (some remote, leans heavy to in-person)",Software Development,Netherlands,58007.0,49351.84455361079,8655.15544638921
39.5,15.0,27.0,16,6,1,1,1,1,1,1,1,1,"Bachelor’s degree (B.A., B.S., B.Eng., etc.)",Employed,"Developer, back-end","10,000 or more employees",Individual contributor,Remote,Software Development,United States of America,152000.0,249173.0325053204,97173.03250532041
59.5,40.0,42.0,9,3,1,1,0,1,0,1,0,0,"Master’s degree (M.A., M.S., M.Eng., MBA, etc.)","Independent contractor, freelancer, or self-employed","Architect, software or solutions",Unknown,Unknown,Unknown,Software Development,Netherlands,25523.0,89486.59660429524,63963.596604295235
29.5,7.0,8.0,12,4,1,1,1,1,0,1,1,0,Some college/university study without earning a degree,"Independent contractor, freelancer, or self-employed","Developer, full-stack",100 to 499 employees,Individual contributor,Remote,Software Development,United States of America,60000.0,112476.85675398076,52476.856753980755
29.5,9.0,20.0,3,0,1,0,0,0,0,0,0,0,"Master’s degree (M.A., M.S., M.Eng., MBA, etc.)",Employed,Other,"10,000 or more employees",Individual contributor,"Hybrid (some in-person, leans heavy to flexibility)",Other:,Czech Republic,70208.0,88321.776920807,18113.776920806995
49.5,25.0,35.0,9,0,1,1,1,0,1,1,1,0,"Bachelor’s degree (B.A., B.S., B.Eng., etc.)",Employed,Other,"5,000 to 9,999 employees",People manager,"Your choice (very flexible, you can come in when you want or just as needed)",Healthcare,United Kingdom of Great Britain and Northern Ireland,142949.0,110061.66537690516,32887.33462309484
21.0,3.0,4.0,5,2,1,0,0,1,0,0,0,0,Some college/university study without earning a degree,Employed,"Developer, embedded applications or devices",Less than 20 employees,Individual contributor,"Hybrid (some remote, leans heavy to in-person)",Manufacturing,United States of America,65000.0,61134.090638516136,3865.909361483864
49.5,33.0,37.0,4,2,0,1,0,1,0,0,0,0,"Bachelor’s degree (B.A., B.S., B.Eng., etc.)","Independent contractor, freelancer, or self-employed",Other,"Just me - I am a freelancer, sole proprietor, etc.",Individual contributor,"Your choice (very flexible, you can come in when you want or just as needed)",Software Development,Other,57516.0,48065.53520186592,9450.464798134082
39.5,12.0,15.0,7,6,0,1,1,1,1,0,0,0,"Bachelor’s degree (B.A., B.S., B.Eng., etc.)",Employed,"Developer, full-stack",500 to 999 employees,Individual contributor,Remote,Software Development,Turkey,4040.0,76487.94472265102,72447.94472265102
29.5,9.0,10.0,5,3,0,1,1,0,0,0,0,0,Some college/university study without earning a degree,"Independent contractor, freelancer, or self-employed","Developer, full-stack",Unknown,Unknown,Unknown,Healthcare,France,116015.0,60586.48922943888,55428.51077056112
29.5,6.0,8.0,1,0,0,0,0,0,0,1,0,0,"Bachelor’s degree (B.A., B.S., B.Eng., etc.)","Independent contractor, freelancer, or self-employed",Other,Unknown,Unknown,Unknown,Software Development,Other,17402.0,31339.675616111297,13937.675616111297
29.5,7.0,10.0,1,0,0,0,0,0,0,0,0,0,"Secondary school (e.g. American high school, German Realschule or Gymnasium, etc.)","Independent contractor, freelancer, or self-employed","Developer, mobile",100 to 499 employees,Individual contributor,Remote,Software Development,Other,118666.0,33502.62318035645,85163.37681964354
39.5,12.0,10.0,11,6,1,1,1,1,1,0,0,0,"Bachelor’s degree (B.A., B.S., B.Eng., etc.)",Employed,Other,"1,000 to 4,999 employees",Individual contributor,"Your choice (very flexible, you can come in when you want or just as needed)",Other:,United States of America,135000.0,142569.18076241008,7569.180762410077
29.5,6.0,5.0,8,3,0,0,1,0,0,0,0,0,"Bachelor’s degree (B.A., B.S., B.Eng., etc.)",Employed,"Developer, full-stack",100 to 499 employees,Individual contributor,"Hybrid (some remote, leans heavy to in-person)",Software Development,Germany,106733.0,49242.089242457594,57490.910757542406
29.5,7.0,10.0,2,0,1,0,0,0,0,0,0,0,"Bachelor’s degree (B.A., B.S., B.Eng., etc.)",Employed,Data scientist,"1,000 to 4,999 employees",Individual contributor,"Hybrid (some remote, leans heavy to in-person)",Energy,United States of America,135000.0,129424.69215743354,5575.307842566457
39.5,8.0,17.0,8,5,1,1,1,1,0,1,1,0,"Bachelor’s degree (B.A., B.S., B.Eng., etc.)",Employed,"Developer, back-end",100 to 499 employees,Individual contributor,"Hybrid (some in-person, leans heavy to flexibility)",Software Development,Italy,63808.0,65930.53330020513,2122.533300205134
21.0,4.0,4.0,9,12,0,1,1,0,1,1,1,1,Some college/university study without earning a degree,Employed,Other,100 to 499 employees,Individual contributor,In-person,Retail and Consumer Services,Australia,115717.0,26687.432951658488,89029.56704834152
29.5,7.0,4.0,3,7,0,1,0,0,1,0,0,0,"Bachelor’s degree (B.A., B.S., B.Eng., etc.)",Employed,"Developer, back-end",100 to 499 employees,Individual contributor,In-person,Software Development,Ukraine,69502.0,26590.62008384815,42911.379916151855
39.5,19.0,23.0,6,3,0,1,1,1,0,0,1,0,"Bachelor’s degree (B.A., B.S., B.Eng., etc.)",Employed,"Developer, full-stack","10,000 or more employees",Individual contributor,Remote,Banking/Financial Services,United States of America,200000.0,199823.35356597247,176.646434027527
39.5,16.0,12.0,4,2,0,1,1,0,0,0,0,0,"Bachelor’s degree (B.A., B.S., B.Eng., etc.)",Employed,"Developer, full-stack",20 to 99 employees,People manager,Remote,Software Development,Greece,34804.0,66433.09794898763,31629.097948987634
49.5,22.0,30.0,5,2,0,0,1,1,1,0,0,0,"Bachelor’s degree (B.A., B.S., B.Eng., etc.)",Employed,"Developer, back-end",20 to 99 employees,Individual contributor,"Hybrid (some in-person, leans heavy to flexibility)",Software Development,Romania,75817.0,77633.97872817992,1816.9787281799217
29.5,10.0,12.0,8,9,0,1,1,1,0,1,0,0,Some college/university study without earning a degree,Employed,"Architect, software or solutions",100 to 499 employees,Individual contributor,Remote,Software Development,Other,84808.0,54979.436094155826,29828.563905844174
29.5,10.0,15.0,3,3,1,0,0,1,0,0,0,0,"Master’s degree (M.A., M.S., M.Eng., MBA, etc.)",Employed,Data engineer,100 to 499 employees,People manager,"Hybrid (some remote, leans heavy to in-person)",Fintech,Other,116015.0,56370.86155357013,59644.13844642987
39.5,21.0,33.0,4,5,1,0,0,1,0,0,1,0,"Bachelor’s degree (B.A., B.S., B.Eng., etc.)",Employed,DevOps engineer or professional,20 to 99 employees,Individual contributor,"Hybrid (some in-person, leans heavy to flexibility)",Software Development,United Kingdom of Great Britain and Northern Ireland,190598.0,113340.29312657367,77257.70687342633
49.5,18.0,8.0,4,1,0,1,0,0,1,0,0,0,"Master’s degree (M.A., M.S., M.Eng., MBA, etc.)",Employed,"Developer, full-stack","10,000 or more employees",Individual contributor,"Hybrid (some in-person, leans heavy to flexibility)",Software Development,United States of America,185000.0,140445.1225817309,44554.87741826911
29.5,7.0,13.0,8,2,1,1,0,0,0,0,1,1,"Master’s degree (M.A., M.S., M.Eng., MBA, etc.)",Employed,Other (please specify):,Less than 20 employees,Individual contributor,"Your choice (very flexible, you can come in when you want or just as needed)",Fintech,France,139218.0,65562.32057926098,73655.67942073902
29.5,9.0,14.0,13,2,1,1,1,1,1,0,1,1,"Master’s degree (M.A., M.S., M.Eng., MBA, etc.)",Employed,"Developer, embedded applications or devices",100 to 499 employees,Individual contributor,"Hybrid (some in-person, leans heavy to flexibility)",Manufacturing,Germany,63808.0,84583.33223094122,20775.332230941218
21.0,1.0,4.0,7,1,0,1,1,1,0,1,0,0,"Bachelor’s degree (B.A., B.S., B.Eng., etc.)",Employed,"Developer, full-stack",Less than 20 employees,Individual contributor,In-person,Software Development,United Kingdom of Great Britain and Northern Ireland,38120.0,26676.90077188155,11443.099228118452
39.5,8.0,8.0,6,8,1,1,1,1,0,0,0,0,"Bachelor’s degree (B.A., B.S., B.Eng., etc.)",Employed,"Developer, full-stack","1,000 to 4,999 employees",Individual contributor,"Hybrid (some remote, leans heavy to in-person)",Software Development,United States of America,220000.0,116939.88911554326,103060.11088445674
29.5,10.0,18.0,0,0,0,0,0,0,0,0,0,0,"Bachelor’s degree (B.A., B.S., B.Eng., etc.)",Employed,"Developer, back-end","10,000 or more employees",Individual contributor,"Your choice (very flexible, you can come in when you want or just as needed)",Software Development,India,185983.0,64076.47882497885,121906.52117502116
49.5,29.0,40.0,5,2,1,1,0,0,0,1,0,0,Some college/university study without earning a degree,Employed,"Architect, software or solutions","1,000 to 4,999 employees",Individual contributor,Remote,Software Development,Sweden,94339.0,89625.86226740968,4713.137732590316
49.5,29.0,36.0,9,5,1,1,0,1,0,0,0,0,"Master’s degree (M.A., M.S., M.Eng., MBA, etc.)",Employed,DevOps engineer or professional,100 to 499 employees,Individual contributor,In-person,"Internet, Telecomm or Information Services",United States of America,160000.0,148259.7057076766,11740.294292323408
49.5,5.0,5.0,7,3,0,1,1,1,0,1,0,0,"Associate degree (A.A., A.S., etc.)",Employed,"Developer, desktop or enterprise applications",500 to 999 employees,Individual contributor,"Hybrid (some in-person, leans heavy to flexibility)",Energy,United States of America,170000.0,98238.36755545187,71761.63244454813
21.0,2.0,5.0,6,3,0,1,1,1,1,0,0,1,"Associate degree (A.A., A.S., etc.)",Employed,"Developer, full-stack",100 to 499 employees,Unknown,"Your choice (very flexible, you can come in when you want or just as needed)",Other:,Other,8407.0,23053.789756831946,14646.789756831946
29.5,4.0,6.0,6,4,1,1,0,0,1,0,0,0,"Bachelor’s degree (B.A., B.S., B.Eng., etc.)","Independent contractor, freelancer, or self-employed","Developer, desktop or enterprise applications",Unknown,Unknown,Unknown,Other:,Other,43993.0,27958.10906359127,16034.89093640873
39.5,16.0,21.0,4,4,1,0,1,1,0,0,0,1,"Professional degree (JD, MD, Ph.D, Ed.D, etc.)","Independent contractor, freelancer, or self-employed","Developer, full-stack",Unknown,Unknown,Unknown,Software Development,Ukraine,80000.0,54854.9741878179,25145.025812182103
39.5,16.0,21.0,8,2,1,1,1,1,0,1,0,0,Some college/university study without earning a degree,Employed,"Developer, full-stack",100 to 499 employees,Individual contributor,In-person,Software Development,Germany,84691.0,78831.75399301293,5859.246006987072
21.0,1.0,9.0,7,2,1,1,0,1,0,0,0,0,"Bachelor’s degree (B.A., B.S., B.Eng., etc.)",Employed,DevOps engineer or professional,"10,000 or more employees",Individual contributor,"Hybrid (some in-person, leans heavy to flexibility)",Software Development,United Kingdom of Great Britain and Northern Ireland,51734.0,56217.463334630884,4483.463334630884
29.5,6.0,6.0,5,3,0,1,1,1,0,0,0,0,Other (please specify):,Employed,"Developer, front-end",Less than 20 employees,Individual contributor,"Hybrid (some in-person, leans heavy to flexibility)",Software Development,New Zealand,48188.0,39840.487642617285,8347.512357382715
29.5,10.0,15.0,2,2,0,0,0,0,0,0,0,0,Some college/university study without earning a degree,Employed,DevOps engineer or professional,500 to 999 employees,Individual contributor,Remote,Other:,Germany,110214.0,80679.75714424813,29534.242855751872
29.5,11.0,15.0,5,4,0,1,1,1,0,1,0,0,"Bachelor’s degree (B.A., B.S., B.Eng., etc.)",Employed,"Architect, software or solutions",100 to 499 employees,Individual contributor,"Hybrid (some remote, leans heavy to in-person)",Other:,India,58120.0,39045.13574314021,19074.864256859793
39.5,12.0,17.0,8,4,1,1,0,1,0,0,0,0,"Master’s degree (M.A., M.S., M.Eng., MBA, etc.)",Employed,"Developer, embedded applications or devices","10,000 or more employees",Individual contributor,Remote,Computer Systems Design and Services,United Kingdom of Great Britain and Northern Ireland,183791.0,111202.9659646224,72588.0340353776
39.5,13.0,22.0,7,7,1,1,1,1,0,0,0,0,"Master’s degree (M.A., M.S., M.Eng., MBA, etc.)","Independent contractor, freelancer, or self-employed","Developer, full-stack",Unknown,Unknown,Unknown,Software Development,Germany,127616.0,87997.3624007644,39618.637599235604
39.5,18.0,32.0,6,4,0,1,1,1,0,1,0,0,Some college/university study without earning a degree,"Independent contractor, freelancer, or self-employed","Architect, software or solutions",Unknown,Unknown,Unknown,Software Development,Poland,109978.0,82670.03694703033,27307.963052969673
39.5,8.0,9.0,7,3,1,1,1,1,0,0,1,0,"Bachelor’s degree (B.A., B.S., B.Eng., etc.)",Employed,"Developer, back-end","1,000 to 4,999 employees",Individual contributor,"Hybrid (some in-person, leans heavy to flexibility)","Internet, Telecomm or Information Services",Portugal,58007.0,61807.169533140346,3800.169533140346
49.5,36.0,40.0,13,8,1,1,1,1,0,0,0,1,"Master’s degree (M.A., M.S., M.Eng., MBA, etc.)",Employed,"Architect, software or solutions",100 to 499 employees,Individual contributor,"Hybrid (some in-person, leans heavy to flexibility)",Software Development,Australia,104015.0,108538.95460451565,4523.954604515646
39.5,21.0,25.0,6,2,0,1,0,1,0,1,1,0,Other (please specify):,Employed,"Developer, full-stack",Less than 20 employees,Individual contributor,Remote,Healthcare,Canada,70040.0,83715.70331526955,13675.703315269551
29.5,6.0,8.0,5,1,0,1,1,0,0,0,0,0,"Bachelor’s degree (B.A., B.S., B.Eng., etc.)",Employed,"Developer, front-end",Less than 20 employees,Individual contributor,In-person,Software Development,Other,5613.0,16637.56111082273,11024.561110822731
21.0,2.0,10.0,6,1,1,0,0,1,1,0,0,0,"Bachelor’s degree (B.A., B.S., B.Eng., etc.)",Employed,"Developer, mobile",100 to 499 employees,Individual contributor,"Hybrid (some remote, leans heavy to in-person)",Government,United Kingdom of Great Britain and Northern Ireland,61264.0,58062.69453308618,3201.305466913822
29.5,2.0,6.0,7,4,1,1,0,1,1,0,0,0,"Master’s degree (M.A., M.S., M.Eng., MBA, etc.)",Employed,"Developer, front-end",Less than 20 employees,Individual contributor,In-person,Software Development,Poland,15009.0,27587.13660428052,12578.13660428052
59.5,30.0,38.0,4,1,0,1,1,0,0,0,0,0,"Bachelor’s degree (B.A., B.S., B.Eng., etc.)",Employed,"Developer, front-end",100 to 499 employees,Individual contributor,"Hybrid (some in-person, leans heavy to flexibility)",Fintech,United States of America,340000.0,163782.53838141108,176217.46161858892
29.5,15.0,17.0,5,3,1,1,1,0,0,0,1,0,Some college/university study without earning a degree,Employed,"Developer, full-stack",20 to 99 employees,Individual contributor,Remote,"Internet, Telecomm or Information Services",United States of America,190000.0,162879.31491721483,27120.685082785174
39.5,15.0,15.0,3,1,0,1,1,0,0,0,0,0,"Bachelor’s degree (B.A., B.S., B.Eng., etc.)",Not employed,"Developer, full-stack",Unknown,Unknown,Unknown,Unknown,United States of America,120000.0,136320.78934742915,16320.789347429149
21.0,5.0,10.0,15,9,1,1,1,1,1,1,0,1,"Bachelor’s degree (B.A., B.S., B.Eng., etc.)",Employed,Other,"10,000 or more employees",Individual contributor,"Hybrid (some in-person, leans heavy to flexibility)",Government,United States of America,80000.0,191831.60979444635,111831.60979444635
29.5,8.0,15.0,6,1,0,1,0,1,1,0,0,0,"Master’s degree (M.A., M.S., M.Eng., MBA, etc.)",Employed,"Developer, full-stack",100 to 499 employees,Individual contributor,Remote,Banking/Financial Services,Other,25523.0,52317.977310122646,26794.977310122646
39.5,10.0,13.0,3,0,0,0,0,0,0,0,0,0,"Master’s degree (M.A., M.S., M.Eng., MBA, etc.)",Employed,"Developer, desktop or enterprise applications","10,000 or more employees",Individual contributor,"Hybrid (some remote, leans heavy to in-person)",Software Development,United States of America,170000.0,188964.86154209773,18964.86154209773
29.5,8.0,12.0,4,4,0,0,0,0,1,0,0,0,"Master’s degree (M.A., M.S., M.Eng., MBA, etc.)","Independent contractor, freelancer, or self-employed","Developer, mobile","10,000 or more employees",Individual contributor,Remote,Software Development,Germany,81210.0,89210.64607423736,8000.64607423736
29.5,11.0,11.0,6,1,1,1,0,0,0,0,0,1,"Bachelor’s degree (B.A., B.S., B.Eng., etc.)",Employed,DevOps engineer or professional,I don’t know,Individual contributor,Remote,Government,Germany,68291.0,89528.38882923723,21237.38882923723
29.5,3.0,10.0,4,0,1,0,0,0,0,0,0,0,"Master’s degree (M.A., M.S., M.Eng., MBA, etc.)",Employed,AI/ML engineer,500 to 999 employees,Individual contributor,In-person,Software Development,Other,33886.0,31224.90202787847,2661.09797212153
39.5,7.0,9.0,10,6,1,1,1,1,1,0,1,0,"Bachelor’s degree (B.A., B.S., B.Eng., etc.)",Employed,"Developer, back-end",100 to 499 employees,Individual contributor,Remote,Software Development,United States of America,170000.0,132800.43241397262,37199.56758602738
59.5,43.0,39.0,19,11,1,1,1,1,1,0,1,1,"Bachelor’s degree (B.A., B.S., B.Eng., etc.)",I prefer not to say,Other,Unknown,Unknown,Unknown,Unknown,United States of America,153000.0,164991.9836524694,11991.983652469411
29.5,10.0,13.0,5,8,0,1,1,1,0,0,1,0,"Bachelor’s degree (B.A., B.S., B.Eng., etc.)",Employed,Other,Less than 20 employees,Individual contributor,Remote,Software Development,India,66257.0,26912.14333452462,39344.85666547538
29.5,7.0,13.0,5,4,0,1,0,1,1,0,0,0,"Bachelor’s degree (B.A., B.S., B.Eng., etc.)",Employed,"Developer, mobile",20 to 99 employees,Individual contributor,"Hybrid (some in-person, leans heavy to flexibility)",Software Development,Austria,56847.0,67189.32113919685,10342.32113919685
21.0,5.0,10.0,3,1,0,1,0,0,0,1,0,0,Some college/university study without earning a degree,Employed,"Developer, full-stack",Less than 20 employees,Individual contributor,"Hybrid (some remote, leans heavy to in-person)",Software Development,Other,8809.0,27790.866388085196,18981.866388085196
21.0,1.0,10.0,6,2,1,1,1,0,1,0,1,1,"Bachelor’s degree (B.A., B.S., B.Eng., etc.)",Employed,"Developer, full-stack","10,000 or more employees",Individual contributor,In-person,Software Development,United States of America,140000.0,108602.26615700338,31397.73384299662
59.5,39.0,45.0,7,2,1,1,1,1,1,0,0,0,"Master’s degree (M.A., M.S., M.Eng., MBA, etc.)",Employed,"Developer, full-stack","5,000 to 9,999 employees",Individual contributor,"Hybrid (some remote, leans heavy to in-person)",Retail and Consumer Services,Italy,104413.0,72129.63436265718,32283.365637342824
29.5,10.0,15.0,6,3,0,1,1,0,0,1,0,0,"Bachelor’s degree (B.A., B.S., B.Eng., etc.)",Employed,"Developer, back-end",20 to 99 employees,Individual contributor,Remote,Software Development,United States of America,200000.0,148604.03342563473,51395.96657436527
49.5,34.0,40.0,4,4,0,0,0,1,0,0,1,1,"Bachelor’s degree (B.A., B.S., B.Eng., etc.)",Employed,"Developer, back-end",500 to 999 employees,People manager,Remote,"Internet, Telecomm or Information Services",Other,106733.0,82432.60668185663,24300.393318143368
21.0,2.0,10.0,5,2,1,1,0,1,0,0,0,0,"Master’s degree (M.A., M.S., M.Eng., MBA, etc.)",Employed,"Developer, full-stack","10,000 or more employees",Individual contributor,"Hybrid (some in-person, leans heavy to flexibility)",Banking/Financial Services,United Kingdom of Great Britain and Northern Ireland,68071.0,66846.17146826163,1224.8285317383707
49.5,15.0,20.0,7,6,1,1,1,1,0,0,0,0,"Bachelor’s degree (B.A., B.S., B.Eng., etc.)",Not employed,"Developer, full-stack",Unknown,Unknown,Unknown,Unknown,Other,37111.0,42604.80702108442,5493.8070210844235
39.5,15.0,20.0,8,4,0,1,0,1,1,0,0,0,"Secondary school (e.g. American high school, German Realschule or Gymnasium, etc.)",Employed,"Developer, back-end","1,000 to 4,999 employees",Individual contributor,"Hybrid (some remote, leans heavy to in-person)",Fintech,Sweden,62893.0,82915.39650273914,20022.39650273914
29.5,5.0,10.0,0,0,0,0,0,0,0,0,0,0,"Bachelor’s degree (B.A., B.S., B.Eng., etc.)",Employed,"Developer, back-end","10,000 or more employees",Individual contributor,"Hybrid (some in-person, leans heavy to flexibility)",Software Development,Other,46406.0,40850.751155017744,5555.248844982256
29.5,12.0,15.0,12,5,1,1,1,1,1,0,1,0,"Bachelor’s degree (B.A., B.S., B.Eng., etc.)",Employed,DevOps engineer or professional,20 to 99 employees,People manager,"Your choice (very flexible, you can come in when you want or just as needed)",Software Development,Switzerland,182270.0,187542.05791161032,5272.057911610318
39.5,25.0,25.0,5,5,1,1,0,1,0,0,0,0,"Bachelor’s degree (B.A., B.S., B.Eng., etc.)",Employed,"Developer, back-end",20 to 99 employees,Individual contributor,"Hybrid (some remote, leans heavy to in-person)","Internet, Telecomm or Information Services",Other,46406.0,63960.58225416976,17554.582254169763
39.5,16.0,23.0,6,2,1,0,0,0,0,0,0,0,"Master’s degree (M.A., M.S., M.Eng., MBA, etc.)",Employed,Engineering manager,500 to 999 employees,People manager,Remote,Fintech,Brazil,101941.0,60425.8174736137,41515.1825263863
49.5,30.0,20.0,4,1,1,0,0,1,0,0,1,0,"Bachelor’s degree (B.A., B.S., B.Eng., etc.)",Employed,Other,100 to 499 employees,Individual contributor,"Hybrid (some remote, leans heavy to in-person)",Software Development,United States of America,120000.0,175117.6987361011,55117.6987361011
29.5,5.0,5.0,4,5,0,1,1,1,0,0,0,0,"Bachelor’s degree (B.A., B.S., B.Eng., etc.)","Independent contractor, freelancer, or self-employed","Developer, full-stack",Unknown,Unknown,Unknown,"Internet, Telecomm or Information Services",India,60000.0,13368.096212169557,46631.903787830444
39.5,18.0,15.0,9,5,1,1,1,0,1,0,0,1,"Master’s degree (M.A., M.S., M.Eng., MBA, etc.)",Employed,Other,500 to 999 employees,Individual contributor,Remote,Software Development,United States of America,200000.0,180752.22929210844,19247.770707891556
29.5,5.0,9.0,6,4,0,1,1,1,1,0,0,0,"Bachelor’s degree (B.A., B.S., B.Eng., etc.)",Employed,"Developer, full-stack","10,000 or more employees",Individual contributor,"Hybrid (some remote, leans heavy to in-person)",Manufacturing,Germany,81210.0,53973.239585729665,27236.760414270335
29.5,11.0,11.0,4,5,0,1,0,1,0,0,0,0,Some college/university study without earning a degree,"Independent contractor, freelancer, or self-employed","Architect, software or solutions",Less than 20 employees,People manager,"Your choice (very flexible, you can come in when you want or just as needed)",Software Development,India,29060.0,22257.431156532242,6802.568843467758
49.5,10.0,10.0,6,3,0,1,0,1,0,1,0,0,"Bachelor’s degree (B.A., B.S., B.Eng., etc.)",Employed,"Developer, full-stack",Less than 20 employees,Individual contributor,"Hybrid (some in-person, leans heavy to flexibility)",Other:,United States of America,146500.0,104525.02690420601,41974.97309579399
29.5,6.0,8.0,3,1,0,1,1,0,0,0,0,0,Some college/university study without earning a degree,Employed,"Developer, front-end",100 to 499 employees,Individual contributor,In-person,"Transportation, or Supply Chain",Other,308605.0,25728.045357037532,282876.9546429625
29.5,8.0,11.0,7,3,0,1,1,0,1,0,0,0,"Secondary school (e.g. American high school, German Realschule or Gymnasium, etc.)",Employed,"Developer, full-stack",Less than 20 employees,People manager,"Your choice (very flexible, you can come in when you want or just as needed)",Healthcare,Italy,27844.0,42896.748008985065,15052.748008985065
29.5,4.0,8.0,6,3,0,1,1,1,0,1,0,0,"Bachelor’s degree (B.A., B.S., B.Eng., etc.)",Employed,"Developer, front-end","1,000 to 4,999 employees",Individual contributor,"Your choice (very flexible, you can come in when you want or just as needed)",Software Development,Canada,84267.0,48875.38096174603,35391.61903825397
39.5,13.0,17.0,8,3,0,1,1,1,0,1,1,0,"Bachelor’s degree (B.A., B.S., B.Eng., etc.)","Independent contractor, freelancer, or self-employed",Other,"Just me - I am a freelancer, sole proprietor, etc.",Individual contributor,"Your choice (very flexible, you can come in when you want or just as needed)",Banking/Financial Services,Sweden,62893.0,83624.9170474676,20731.917047467607
21.0,5.0,6.0,10,7,1,0,0,0,0,1,0,1,"Secondary school (e.g. American high school, German Realschule or Gymnasium, etc.)",Employed,Other,"10,000 or more employees",Individual contributor,"Hybrid (some remote, leans heavy to in-person)",Healthcare,Germany,54527.0,50291.70192812036,4235.298071879639
49.5,23.0,42.0,9,4,1,1,1,0,0,0,1,0,"Bachelor’s degree (B.A., B.S., B.Eng., etc.)",Employed,"Developer, back-end",20 to 99 employees,Individual contributor,Remote,Software Development,United States of America,160000.0,173608.59674940803,13608.596749408025
29.5,3.0,4.0,7,1,1,1,1,1,0,1,1,0,"Bachelor’s degree (B.A., B.S., B.Eng., etc.)",Employed,"Developer, desktop or enterprise applications","10,000 or more employees",Individual contributor,In-person,Healthcare,United States of America,107000.0,98910.97602800155,8089.023971998453
39.5,25.0,25.0,7,9,1,1,0,1,0,0,1,0,Some college/university study without earning a degree,Employed,"Developer, full-stack","5,000 to 9,999 employees",Individual contributor,"Hybrid (some in-person, leans heavy to flexibility)","Internet, Telecomm or Information Services",Germany,104413.0,88305.5727214614,16107.427278538598
49.5,26.0,30.0,7,3,1,1,1,1,0,1,0,0,"Master’s degree (M.A., M.S., M.Eng., MBA, etc.)",Employed,Engineering manager,100 to 499 employees,People manager,In-person,Other:,United States of America,250000.0,164425.55963768493,85574.44036231507
29.5,12.0,8.0,7,2,0,1,1,1,0,0,0,0,"Bachelor’s degree (B.A., B.S., B.Eng., etc.)","Independent contractor, freelancer, or self-employed","Developer, full-stack",Unknown,Unknown,Unknown,Software Development,Brazil,21844.0,33551.28888689475,11707.288886894748
49.5,23.0,33.0,5,4,1,0,0,1,0,1,0,0,"Bachelor’s degree (B.A., B.S., B.Eng., etc.)","Independent contractor, freelancer, or self-employed","Developer, back-end",Unknown,Unknown,Unknown,Software Development,Other,55000.0,66584.66017356867,11584.66017356867
29.5,4.0,8.0,2,1,0,0,0,0,0,1,0,0,"Bachelor’s degree (B.A., B.S., B.Eng., etc.)",Employed,"Developer, back-end",100 to 499 employees,Individual contributor,"Hybrid (some in-person, leans heavy to flexibility)",Software Development,Spain,37125.0,40818.17988980045,3693.179889800449
49.5,20.0,8.0,7,0,1,1,1,0,0,0,0,0,"Bachelor’s degree (B.A., B.S., B.Eng., etc.)","Independent contractor, freelancer, or self-employed","Developer, full-stack",Unknown,Unknown,Unknown,Higher Education,United States of America,40000.0,102298.91082653574,62298.910826535735
49.5,27.0,35.0,14,8,1,1,1,1,0,0,1,1,"Bachelor’s degree (B.A., B.S., B.Eng., etc.)",Employed,"Developer, full-stack",20 to 99 employees,Individual contributor,"Hybrid (some remote, leans heavy to in-person)",Software Development,Australia,149522.0,102561.13817721311,46960.86182278689
39.5,11.0,11.0,3,4,1,1,0,1,0,0,0,0,"Bachelor’s degree (B.A., B.S., B.Eng., etc.)",Employed,"Architect, software or solutions","5,000 to 9,999 employees",People manager,Remote,Energy,United States of America,140000.0,123572.04259418022,16427.957405819776
39.5,20.0,30.0,9,5,1,1,1,1,0,1,0,0,"Master’s degree (M.A., M.S., M.Eng., MBA, etc.)",Employed,"Architect, software or solutions",100 to 499 employees,Individual contributor,Remote,Software Development,Germany,92812.0,94210.29752557557,1398.2975255755737
29.5,12.0,16.0,5,6,0,1,0,1,0,0,0,0,"Secondary school (e.g. American high school, German Realschule or Gymnasium, etc.)","Independent contractor, freelancer, or self-employed","Developer, full-stack",Unknown,Unknown,Unknown,Software Development,Romania,232029.0,71120.70528191778,160908.29471808224
29.5,6.0,13.0,5,3,0,1,1,1,0,0,0,0,"Master’s degree (M.A., M.S., M.Eng., MBA, etc.)","Independent contractor, freelancer, or self-employed","Developer, full-stack",Unknown,Unknown,Unknown,Software Development,Czech Republic,101428.0,66560.0333765322,34867.9666234678
29.5,2.0,3.0,6,6,1,1,0,1,1,1,0,0,"Bachelor’s degree (B.A., B.S., B.Eng., etc.)",Employed,Data engineer,20 to 99 employees,Individual contributor,In-person,Software Development,United States of America,110000.0,64846.18109367613,45153.81890632387
39.5,11.0,15.0,4,1,0,0,0,0,1,0,0,1,"Bachelor’s degree (B.A., B.S., B.Eng., etc.)",Employed,"Developer, back-end","1,000 to 4,999 employees",Individual contributor,"Hybrid (some remote, leans heavy to in-person)",Software Development,France,59167.0,83977.94563571847,24810.945635718468
39.5,8.0,15.0,12,1,1,1,1,1,1,0,1,1,"Bachelor’s degree (B.A., B.S., B.Eng., etc.)",Employed,"Developer, full-stack",100 to 499 employees,Individual contributor,"Your choice (very flexible, you can come in when you want or just as needed)",Software Development,Germany,82950.0,82451.15586418351,498.8441358164855
21.0,3.0,8.0,8,1,0,1,1,1,0,1,0,0,Some college/university study without earning a degree,Employed,"Developer, full-stack",Less than 20 employees,Individual contributor,"Hybrid (some in-person, leans heavy to flexibility)",Other:,Netherlands,9652.0,29201.461362505728,19549.461362505728
39.5,12.0,17.0,4,2,0,1,1,1,0,1,0,0,"Bachelor’s degree (B.A., B.S., B.Eng., etc.)",Employed,"Architect, software or solutions","10,000 or more employees",Individual contributor,"Hybrid (some remote, leans heavy to in-person)",Banking/Financial Services,India,41846.0,46184.65091907501,4338.650919075008
49.5,20.0,20.0,3,3,0,1,0,0,0,1,0,0,"Bachelor’s degree (B.A., B.S., B.Eng., etc.)",Employed,"Developer, back-end",20 to 99 employees,Individual contributor,"Hybrid (some in-person, leans heavy to flexibility)",Software Development,Other,9586.0,61432.74161956519,51846.74161956519
21.0,5.0,8.0,2,1,0,0,0,0,1,0,0,0,"Bachelor’s degree (B.A., B.S., B.Eng., etc.)",Employed,"Developer, mobile",100 to 499 employees,Individual contributor,Remote,Software Development,Czech Republic,52000.0,39706.53104698526,12293.468953014737
21.0,1.0,7.0,7,1,0,1,1,1,0,1,0,0,Some college/university study without earning a degree,Employed,"Developer, full-stack",Less than 20 employees,Individual contributor,"Hybrid (some in-person, leans heavy to flexibility)",Software Development,Other,13780.0,19913.68062294782,6133.680622947821
29.5,6.0,7.0,4,6,0,1,0,1,0,0,0,0,"Bachelor’s degree (B.A., B.S., B.Eng., etc.)",Employed,"Developer, back-end",500 to 999 employees,Individual contributor,"Hybrid (some in-person, leans heavy to flexibility)",Fintech,Other,24838.0,32447.70736142719,7609.70736142719
29.5,14.0,18.0,7,5,0,1,1,1,0,0,1,0,"Associate degree (A.A., A.S., etc.)",Employed,"Developer, full-stack",20 to 99 employees,Individual contributor,"Hybrid (some remote, leans heavy to in-person)",Media & Advertising Services,United States of America,80000.0,156510.82550397227,76510.82550397227
29.5,13.0,17.0,2,2,1,1,0,0,0,0,0,0,Some college/university study without earning a degree,Employed,"Developer, full-stack",100 to 499 employees,Individual contributor,Remote,Software Development,United States of America,142000.0,152559.27025327279,10559.270253272785
39.5,16.0,16.0,4,0,0,1,1,0,0,0,0,0,"Bachelor’s degree (B.A., B.S., B.Eng., etc.)",Employed,"Developer, front-end",Less than 20 employees,Individual contributor,Remote,Fintech,United States of America,158000.0,136979.50729915712,21020.49270084288
29.5,12.0,16.0,9,4,1,1,1,1,1,0,0,0,"Bachelor’s degree (B.A., B.S., B.Eng., etc.)",Employed,"Developer, front-end","1,000 to 4,999 employees",Individual contributor,Remote,Software Development,United States of America,130000.0,159869.26613200386,29869.26613200386
59.5,25.0,25.0,2,3,0,0,0,1,0,0,0,0,"Bachelor’s degree (B.A., B.S., B.Eng., etc.)","Independent contractor, freelancer, or self-employed","Developer, back-end",Unknown,Unknown,Unknown,Software Development,United Kingdom of Great Britain and Northern Ireland,122527.0,106772.83889853967,15754.161101460326
29.5,7.0,11.0,4,1,0,1,1,0,0,1,0,0,Some college/university study without earning a degree,Employed,"Developer, front-end",20 to 99 employees,Individual contributor,Remote,Software Development,United States of America,90000.0,127020.21313539609,37020.21313539609
49.5,25.0,26.0,8,2,0,1,0,1,0,0,0,1,"Bachelor’s degree (B.A., B.S., B.Eng., etc.)",Employed,"Developer, full-stack","1,000 to 4,999 employees",Individual contributor,"Hybrid (some in-person, leans heavy to flexibility)",Software Development,Australia,162523.0,105432.32375265463,57090.67624734537
39.5,12.0,20.0,4,3,1,1,0,0,0,1,0,0,"Bachelor’s degree (B.A., B.S., B.Eng., etc.)",Employed,"Developer, back-end",20 to 99 employees,Individual contributor,Remote,Software Development,Other,118754.0,62150.2319197952,56603.7680802048
39.5,15.0,23.0,10,0,1,1,0,0,0,1,0,0,Some college/university study without earning a degree,Employed,"Developer, embedded applications or devices",100 to 499 employees,Individual contributor,In-person,Other:,United States of America,129250.0,143043.12020680562,13793.120206805615
29.5,4.0,7.0,4,5,0,1,0,1,0,0,0,0,"Master’s degree (M.A., M.S., M.Eng., MBA, etc.)",Employed,"Developer, full-stack",20 to 99 employees,Individual contributor,"Hybrid (some remote, leans heavy to in-person)",Software Development,France,47334.0,39449.94090230607,7884.0590976939275
21.0,1.0,,38,0,1,1,0,1,1,1,1,1,Other (please specify):,"Independent contractor, freelancer, or self-employed",Engineering manager,Unknown,Unknown,Unknown,"Internet, Telecomm or Information Services",Brazil,182037.0,18284.727063882,163752.272936118
49.5,26.0,34.0,10,5,1,1,1,1,0,1,0,0,Some college/university study without earning a degree,Employed,"Architect, software or solutions","5,000 to 9,999 employees",Individual contributor,"Hybrid (some in-person, leans heavy to flexibility)",Retail and Consumer Services,Netherlands,109054.0,89453.90838106842,19600.091618931576
39.5,17.0,22.0,6,4,1,1,0,1,0,1,0,0,"Master’s degree (M.A., M.S., M.Eng., MBA, etc.)",Employed,"Architect, software or solutions",500 to 999 employees,Individual contributor,Remote,Government,Australia,132264.0,100529.97559510963,31734.02440489037
49.5,30.0,34.0,1,1,0,0,0,0,0,0,0,0,Primary/elementary school,Employed,"Developer, desktop or enterprise applications","10,000 or more employees",People manager,"Hybrid (some in-person, leans heavy to flexibility)",Healthcare,Switzerland,161191.0,184368.43227152727,23177.432271527272
39.5,22.0,29.0,4,1,0,1,0,1,0,0,0,0,"Master’s degree (M.A., M.S., M.Eng., MBA, etc.)",Employed,"Developer, front-end","10,000 or more employees",Individual contributor,Remote,Higher Education,United States of America,116000.0,156295.79707687153,40295.79707687153
39.5,13.0,18.0,0,0,0,0,0,0,0,0,0,0,"Master’s degree (M.A., M.S., M.Eng., MBA, etc.)",Employed,"Architect, software or solutions",Less than 20 employees,People manager,In-person,Software Development,Poland,51851.0,65083.54985070625,13232.549850706251
39.5,20.0,23.0,1,0,0,0,0,0,1,0,0,0,"Master’s degree (M.A., M.S., M.Eng., MBA, etc.)",Employed,"Developer, back-end","10,000 or more employees",Individual contributor,Remote,Software Development,France,232029.0,102670.46887278039,129358.53112721961
29.5,6.0,,3,1,1,0,0,0,0,0,0,0,"Master’s degree (M.A., M.S., M.Eng., MBA, etc.)",Employed,DevOps engineer or professional,"10,000 or more employees",Individual contributor,Remote,Other:,Germany,97452.0,84955.02445017139,12496.97554982861
21.0,4.0,11.0,8,1,1,1,0,1,0,0,0,0,"Bachelor’s degree (B.A., B.S., B.Eng., etc.)",Employed,Other,"10,000 or more employees",Individual contributor,"Hybrid (some remote, leans heavy to in-person)",Higher Education,United States of America,65000.0,99613.13583160644,34613.13583160644
29.5,10.0,10.0,4,0,0,1,1,0,0,1,0,0,Some college/university study without earning a degree,Employed,"Architect, software or solutions",Less than 20 employees,Individual contributor,"Hybrid (some in-person, leans heavy to flexibility)",Software Development,Other,68203.0,34121.77853293207,34081.22146706793
39.5,15.0,20.0,7,7,0,1,1,1,0,0,0,0,"Bachelor’s degree (B.A., B.S., B.Eng., etc.)","Independent contractor, freelancer, or self-employed",Engineering manager,Unknown,Unknown,Unknown,Software Development,Other,60000.0,67869.06235096286,7869.062350962864
29.5,6.0,4.0,3,0,1,0,0,0,0,0,0,0,"Master’s degree (M.A., M.S., M.Eng., MBA, etc.)",Employed,"Developer, desktop or enterprise applications",100 to 499 employees,Individual contributor,In-person,Software Development,France,53947.0,39771.54626454743,14175.453735452567
29.5,7.0,13.0,5,2,0,1,1,1,0,0,0,0,"Master’s degree (M.A., M.S., M.Eng., MBA, etc.)",Employed,"Developer, back-end",100 to 499 employees,Individual contributor,Remote,Software Development,Ukraine,30000.0,39553.02746919665,9553.027469196648
39.5,20.0,25.0,10,2,1,1,1,1,1,0,1,0,"Associate degree (A.A., A.S., etc.)",Employed,"Developer, full-stack","1,000 to 4,999 employees",Individual contributor,"Hybrid (some remote, leans heavy to in-person)",Higher Education,Canada,73932.0,78559.15197702235,4627.151977022353
39.5,11.0,16.0,2,0,0,0,0,0,1,0,0,0,"Bachelor’s degree (B.A., B.S., B.Eng., etc.)",Employed,"Developer, mobile","10,000 or more employees",Individual contributor,In-person,Software Development,India,13949.0,57026.77833929499,43077.77833929499
21.0,2.0,8.0,6,2,1,1,0,1,0,0,0,0,"Bachelor’s degree (B.A., B.S., B.Eng., etc.)",Employed,Other,"10,000 or more employees",Individual contributor,"Hybrid (some remote, leans heavy to in-person)",Software Development,India,4068.0,14418.662702248734,10350.662702248734
39.5,13.0,16.0,6,2,0,1,0,1,1,0,0,0,"Bachelor’s degree (B.A., B.S., B.Eng., etc.)",Employed,"Developer, back-end","10,000 or more employees",Individual contributor,Remote,"Transportation, or Supply Chain",Germany,110214.0,92624.12945895414,17589.870541045864
21.0,10.0,13.0,0,0,0,0,0,0,0,0,0,0,"Bachelor’s degree (B.A., B.S., B.Eng., etc.)","Independent contractor, freelancer, or self-employed","Senior executive (C-suite, VP, etc.)",Unknown,Unknown,Unknown,Higher Education,Brazil,30946.0,46800.68744856821,15854.687448568213
39.5,17.0,3.0,4,0,0,1,1,0,1,0,0,0,"Bachelor’s degree (B.A., B.S., B.Eng., etc.)",Employed,"Developer, back-end","10,000 or more employees",Individual contributor,Remote,Retail and Consumer Services,United States of America,108160.0,104782.86819836183,3377.13180163817
29.5,3.0,7.0,6,2,1,1,1,1,0,0,0,0,Some college/university study without earning a degree,Employed,"Developer, full-stack",20 to 99 employees,Individual contributor,"Hybrid (some in-person, leans heavy to flexibility)",Software Development,Other,20358.0,29608.07077951688,9250.070779516878
49.5,25.0,30.0,5,4,0,1,1,1,0,0,0,0,"Bachelor’s degree (B.A., B.S., B.Eng., etc.)",Employed,"Developer, full-stack",Less than 20 employees,People manager,"Hybrid (some in-person, leans heavy to flexibility)",Media & Advertising Services,United Kingdom of Great Britain and Northern Ireland,88492.0,91583.43721833995,3091.4372183399537
21.0,1.0,11.0,10,1,0,1,1,1,0,1,0,0,"Secondary school (e.g. American high school, German Realschule or Gymnasium, etc.)",Student,Other,I don’t know,Individual contributor,"Hybrid (some in-person, leans heavy to flexibility)",Software Development,Australia,6501.0,25910.84687239573,19409.84687239573
29.5,4.0,6.0,9,5,0,1,1,1,0,1,1,0,"Bachelor’s degree (B.A., B.S., B.Eng., etc.)",Employed,"Developer, back-end",20 to 99 employees,Individual contributor,"Hybrid (some remote, leans heavy to in-person)",Other:,Italy,39445.0,35439.79032908084,4005.209670919161
39.5,17.0,14.0,4,0,0,1,1,0,0,0,0,0,"Bachelor’s degree (B.A., B.S., B.Eng., etc.)",Employed,"Developer, front-end","10,000 or more employees",Individual contributor,"Hybrid (some in-person, leans heavy to flexibility)",Manufacturing,United States of America,164000.0,180557.70170768775,16557.701707687753
29.5,17.0,18.0,10,6,1,1,0,1,0,0,1,1,"Master’s degree (M.A., M.S., M.Eng., MBA, etc.)",Employed,Other,Less than 20 employees,Individual contributor,Remote,Software Development,United States of America,285000.0,177793.1752803245,107206.8247196755
29.5,6.0,10.0,2,2,0,0,0,1,0,0,0,0,"Bachelor’s degree (B.A., B.S., B.Eng., etc.)",Employed,"Developer, back-end","1,000 to 4,999 employees",Individual contributor,"Hybrid (some remote, leans heavy to in-person)",Higher Education,Ukraine,90000.0,32311.08431852768,57688.915681472325
49.5,26.0,32.0,4,1,0,1,1,1,0,0,0,0,"Master’s degree (M.A., M.S., M.Eng., MBA, etc.)",Employed,"Developer, front-end",20 to 99 employees,Individual contributor,"Hybrid (some in-person, leans heavy to flexibility)",Software Development,Greece,69609.0,78139.62757286876,8530.627572868761
39.5,15.0,28.0,8,7,0,1,1,1,0,1,0,0,"Master’s degree (M.A., M.S., M.Eng., MBA, etc.)",Employed,"Developer, full-stack","10,000 or more employees",Individual contributor,"Hybrid (some in-person, leans heavy to flexibility)","Transportation, or Supply Chain",Denmark,139968.0,101459.47266760538,38508.52733239462
39.5,22.0,22.0,3,0,0,1,1,0,0,0,0,0,"Bachelor’s degree (B.A., B.S., B.Eng., etc.)",Employed,"Developer, front-end",500 to 999 employees,Individual contributor,Remote,Banking/Financial Services,Brazil,145629.0,51134.06614646542,94494.93385353457
39.5,10.0,15.0,0,0,0,0,0,0,0,0,0,0,"Master’s degree (M.A., M.S., M.Eng., MBA, etc.)",Employed,Other,"10,000 or more employees",Individual contributor,Remote,Software Development,Romania,69609.0,76155.14172007862,6546.141720078624
29.5,9.0,12.0,12,4,1,0,0,1,1,0,0,1,"Bachelor’s degree (B.A., B.S., B.Eng., etc.)",Employed,"Developer, back-end",500 to 999 employees,Individual contributor,Remote,Media & Advertising Services,United States of America,156500.0,163128.43184000492,6628.431840004923
21.0,1.0,3.0,1,2,0,0,0,0,0,0,1,0,"Bachelor’s degree (B.A., B.S., B.Eng., etc.)",Employed,"Developer, back-end",20 to 99 employees,Individual contributor,"Your choice (very flexible, you can come in when you want or just as needed)",Software Development,Brazil,9830.0,11903.322835204714,2073.3228352047136
29.5,5.0,10.0,8,3,1,1,1,1,0,0,0,0,"Master’s degree (M.A., M.S., M.Eng., MBA, etc.)",Employed,"Developer, full-stack",20 to 99 employees,Individual contributor,Remote,Software Development,Canada,65663.0,59050.068996944065,6612.931003055935
49.5,21.0,18.0,10,7,0,1,1,1,1,1,0,0,"Bachelor’s degree (B.A., B.S., B.Eng., etc.)",Employed,"Architect, software or solutions",100 to 499 employees,Individual contributor,In-person,Other:,United States of America,200000.0,148628.93326715135,51371.066732848645
49.5,6.0,35.0,6,8,1,0,0,0,1,1,1,0,"Master’s degree (M.A., M.S., M.Eng., MBA, etc.)",Employed,"Architect, software or solutions","1,000 to 4,999 employees",Unknown,Unknown,Banking/Financial Services,Czech Republic,9361.0,83690.40152185842,74329.40152185842
29.5,2.0,12.0,10,4,1,1,1,1,0,0,1,1,"Professional degree (JD, MD, Ph.D, Ed.D, etc.)",Employed,Other (please specify):,100 to 499 employees,Individual contributor,Remote,Other:,United States of America,180000.0,125922.45880759791,54077.54119240209
29.5,5.0,10.0,7,5,1,1,1,1,1,0,1,0,"Professional degree (JD, MD, Ph.D, Ed.D, etc.)",Employed,"Developer, full-stack","1,000 to 4,999 employees",Individual contributor,"Your choice (very flexible, you can come in when you want or just as needed)",Software Development,United Kingdom of Great Britain and Northern Ireland,77383.0,73014.19694177946,4368.803058220539
29.5,3.0,9.0,7,3,1,1,1,0,1,0,1,0,"Master’s degree (M.A., M.S., M.Eng., MBA, etc.)",Employed,"Developer, full-stack",Less than 20 employees,Individual contributor,"Hybrid (some in-person, leans heavy to flexibility)",Software Development,United Kingdom of Great Britain and Northern Ireland,64327.0,53939.83047794562,10387.169522054377
21.0,1.0,6.0,2,7,0,0,0,1,1,0,0,0,"Bachelor’s degree (B.A., B.S., B.Eng., etc.)",Employed,"Developer, back-end","1,000 to 4,999 employees",Individual contributor,In-person,Software Development,India,7556.0,13367.666577296746,5811.666577296746
49.5,20.0,20.0,5,3,1,0,0,1,0,0,0,0,Some college/university study without earning a degree,Employed,Other,"1,000 to 4,999 employees",Individual contributor,Remote,Retail and Consumer Services,United Kingdom of Great Britain and Northern Ireland,65348.0,109223.75948883065,43875.75948883065
39.5,10.0,15.0,4,0,0,1,1,0,0,0,0,0,"Master’s degree (M.A., M.S., M.Eng., MBA, etc.)","Independent contractor, freelancer, or self-employed","Architect, software or solutions",Unknown,Unknown,Unknown,Software Development,Belgium,150819.0,79183.23958434921,71635.76041565079
29.5,3.0,7.0,3,1,0,0,0,1,0,1,0,0,"Bachelor’s degree (B.A., B.S., B.Eng., etc.)",Employed,"Developer, full-stack",20 to 99 employees,Individual contributor,Remote,Software Development,Other,7658.0,24376.94061872345,16718.94061872345
29.5,10.0,15.0,0,0,0,0,0,0,0,0,0,0,"Bachelor’s degree (B.A., B.S., B.Eng., etc.)",Employed,"Developer, full-stack",100 to 499 employees,Individual contributor,Remote,Software Development,Spain,89331.0,73748.03270351117,15582.96729648883
39.5,5.0,9.0,7,4,0,1,1,1,0,1,0,0,"Associate degree (A.A., A.S., etc.)",Employed,"Developer, full-stack","1,000 to 4,999 employees",Individual contributor,Remote,"Transportation, or Supply Chain",United States of America,95000.0,112606.10274197631,17606.102741976312
39.5,13.0,20.0,11,5,1,1,1,1,0,1,1,1,"Master’s degree (M.A., M.S., M.Eng., MBA, etc.)",Employed,"Developer, full-stack",100 to 499 employees,Individual contributor,Remote,Government,United States of America,130000.0,189035.97366423334,59035.973664233345
39.5,14.0,16.0,3,5,0,0,0,1,0,0,0,0,"Master’s degree (M.A., M.S., M.Eng., MBA, etc.)",Employed,"Developer, back-end",500 to 999 employees,Individual contributor,Remote,Software Development,Poland,39298.0,78257.97887333468,38959.97887333468
59.5,40.0,47.0,4,3,0,1,0,0,0,1,0,0,"Bachelor’s degree (B.A., B.S., B.Eng., etc.)","Independent contractor, freelancer, or self-employed","Developer, desktop or enterprise applications",Unknown,Unknown,Unknown,"Internet, Telecomm or Information Services",Canada,145917.0,92949.48924744847,52967.510752551534
29.5,10.0,12.0,0,0,0,0,0,0,0,0,0,0,"Bachelor’s degree (B.A., B.S., B.Eng., etc.)",Employed,"Developer, mobile","10,000 or more employees",Individual contributor,"Hybrid (some remote, leans heavy to in-person)",Software Development,United Kingdom of Great Britain and Northern Ireland,96660.0,109175.95555667771,12515.955556677713
59.5,45.0,49.0,0,0,0,0,0,0,0,0,0,0,"Bachelor’s degree (B.A., B.S., B.Eng., etc.)",Employed,"Developer, full-stack",20 to 99 employees,Individual contributor,"Hybrid (some remote, leans heavy to in-person)",Banking/Financial Services,United Kingdom of Great Britain and Northern Ireland,136141.0,106104.44782492254,30036.552175077464
49.5,22.0,25.0,6,0,0,0,1,0,0,0,1,1,Primary/elementary school,Not employed,"Developer, back-end",Unknown,Unknown,Unknown,Unknown,Canada,109438.0,96619.01954083302,12818.980459166982
29.5,8.0,15.0,7,3,1,1,1,1,0,0,1,0,"Bachelor’s degree (B.A., B.S., B.Eng., etc.)",Employed,Other,"1,000 to 4,999 employees",Individual contributor,In-person,Retail and Consumer Services,Canada,48882.0,79490.71702693429,30608.71702693429
39.5,15.0,35.0,7,3,1,0,1,0,0,1,1,0,"Master’s degree (M.A., M.S., M.Eng., MBA, etc.)",Employed,"Developer, back-end",100 to 499 employees,Individual contributor,"Hybrid (some remote, leans heavy to in-person)","Internet, Telecomm or Information Services",Australia,91013.0,110379.01692876707,19366.016928767072
49.5,6.0,11.0,6,3,0,1,1,1,0,0,0,0,"Bachelor’s degree (B.A., B.S., B.Eng., etc.)",Employed,"Developer, full-stack","1,000 to 4,999 employees",Individual contributor,In-person,Manufacturing,United Kingdom of Great Britain and Northern Ireland,59902.0,72194.33287172845,12292.332871728446
39.5,13.0,18.0,6,3,0,1,1,1,0,1,0,0,"Master’s degree (M.A., M.S., M.Eng., MBA, etc.)",Employed,"Developer, full-stack",100 to 499 employees,Individual contributor,"Hybrid (some in-person, leans heavy to flexibility)",Banking/Financial Services,Germany,78890.0,87997.3624007644,9107.362400764396
59.5,35.0,45.0,3,2,0,0,0,1,1,0,0,0,Some college/university study without earning a degree,Employed,"Developer, front-end","5,000 to 9,999 employees",Individual contributor,"Hybrid (some in-person, leans heavy to flexibility)",Retail and Consumer Services,United Kingdom of Great Britain and Northern Ireland,102106.0,108486.14459274281,6380.144592742814
39.5,15.0,20.0,5,0,1,0,0,1,1,0,1,0,"Master’s degree (M.A., M.S., M.Eng., MBA, etc.)",Employed,"Developer, desktop or enterprise applications","10,000 or more employees",Individual contributor,"Your choice (very flexible, you can come in when you want or just as needed)",Software Development,United States of America,206000.0,225470.05543175765,19470.055431757646
39.5,7.0,9.0,9,6,1,1,1,1,1,0,1,0,"Master’s degree (M.A., M.S., M.Eng., MBA, etc.)",Employed,DevOps engineer or professional,500 to 999 employees,Individual contributor,"Hybrid (some remote, leans heavy to in-person)",Software Development,Netherlands,73089.0,62441.322483463664,10647.677516536336
29.5,10.0,13.0,4,4,1,0,0,0,1,0,1,0,"Bachelor’s degree (B.A., B.S., B.Eng., etc.)",Employed,"Developer, back-end","1,000 to 4,999 employees",Individual contributor,Remote,Software Development,Spain,100933.0,81554.95112872795,19378.048871272054
39.5,16.0,20.0,2,4,1,0,0,0,0,0,0,0,"Bachelor’s degree (B.A., B.S., B.Eng., etc.)",Employed,DevOps engineer or professional,"1,000 to 4,999 employees",Individual contributor,"Hybrid (some in-person, leans heavy to flexibility)",Energy,Netherlands,116015.0,85676.65620069434,30338.343799305658
29.5,7.0,8.0,4,1,1,1,1,0,0,0,0,0,"Master’s degree (M.A., M.S., M.Eng., MBA, etc.)",Employed,"Developer, full-stack",100 to 499 employees,Individual contributor,Remote,Software Development,Canada,72958.0,63153.30491526478,9804.69508473522
21.0,1.0,5.0,9,4,1,1,1,1,0,0,0,1,"Bachelor’s degree (B.A., B.S., B.Eng., etc.)",Employed,"Developer, full-stack",20 to 99 employees,Individual contributor,"Hybrid (some in-person, leans heavy to flexibility)",Software Development,Brazil,12069.0,15322.17833591614,3253.17833591614
21.0,3.0,10.0,0,0,0,0,0,0,0,0,0,0,"Bachelor’s degree (B.A., B.S., B.Eng., etc.)",Employed,"Developer, front-end","10,000 or more employees",Individual contributor,In-person,Software Development,United States of America,160000.0,113695.14889787682,46304.85110212318
29.5,,,3,0,1,1,1,0,0,0,0,0,Some college/university study without earning a degree,Employed,"Developer, full-stack",20 to 99 employees,Individual contributor,"Hybrid (some remote, leans heavy to in-person)",Software Development,India,6974.0,42227.133699764476,35253.133699764476
39.5,14.0,20.0,2,2,0,0,0,1,0,1,0,0,"Master’s degree (M.A., M.S., M.Eng., MBA, etc.)",Employed,"Developer, desktop or enterprise applications","10,000 or more employees",Individual contributor,Remote,Software Development,Germany,116015.0,103635.89229660924,12379.107703390764
49.5,26.0,27.0,8,5,1,1,1,1,0,1,0,0,"Master’s degree (M.A., M.S., M.Eng., MBA, etc.)",Employed,"Developer, back-end",100 to 499 employees,Individual contributor,"Hybrid (some in-person, leans heavy to flexibility)","Internet, Telecomm or Information Services",Austria,100933.0,86976.95141364797,13956.04858635203
21.0,4.0,8.0,8,0,0,1,1,0,0,0,0,1,"Bachelor’s degree (B.A., B.S., B.Eng., etc.)",Employed,Other,Less than 20 employees,Individual contributor,In-person,Retail and Consumer Services,Poland,32748.0,24296.997485207175,8451.002514792825
39.5,4.0,9.0,3,1,0,1,1,0,0,0,0,0,"Bachelor’s degree (B.A., B.S., B.Eng., etc.)",Employed,"Developer, front-end","10,000 or more employees",Individual contributor,Remote,Banking/Financial Services,Canada,62015.0,58885.82393146281,3129.176068537192
21.0,5.0,13.0,18,7,1,1,1,1,1,1,0,1,"Bachelor’s degree (B.A., B.S., B.Eng., etc.)",Employed,"Architect, software or solutions","10,000 or more employees",People manager,"Hybrid (some in-person, leans heavy to flexibility)","Transportation, or Supply Chain",Hungary,43375.0,39105.8995888404,4269.100411159598
39.5,18.0,22.0,10,5,1,1,1,1,1,1,0,0,"Bachelor’s degree (B.A., B.S., B.Eng., etc.)",Employed,"Architect, software or solutions",Less than 20 employees,Individual contributor,"Hybrid (some remote, leans heavy to in-person)",Software Development,Other,16338.0,60640.996017901525,44302.996017901525
39.5,4.0,5.0,7,3,1,1,1,1,0,0,1,0,"Bachelor’s degree (B.A., B.S., B.Eng., etc.)",Employed,"Developer, full-stack",Less than 20 employees,Individual contributor,"Hybrid (some in-person, leans heavy to flexibility)",Software Development,Other,95596.0,19284.720273073963,76311.27972692603
21.0,4.0,8.0,7,1,0,1,1,1,0,1,0,0,"Bachelor’s degree (B.A., B.S., B.Eng., etc.)",Employed,"Developer, desktop or enterprise applications","5,000 to 9,999 employees",Individual contributor,"Hybrid (some remote, leans heavy to in-person)",Manufacturing,United States of America,94000.0,86315.54798264231,7684.452017357689
29.5,10.0,13.0,5,2,1,1,1,1,0,0,0,0,"Master’s degree (M.A., M.S., M.Eng., MBA, etc.)",Employed,"Developer, back-end","1,000 to 4,999 employees",Individual contributor,"Hybrid (some remote, leans heavy to in-person)",Software Development,Other,96724.0,56652.80047766542,40071.19952233458
29.5,5.0,6.0,1,0,0,0,0,0,0,0,0,0,"Bachelor’s degree (B.A., B.S., B.Eng., etc.)",Employed,"Developer, mobile",Less than 20 employees,Individual contributor,Remote,Software Development,Other,34804.0,16238.010875791124,18565.989124208878
39.5,17.0,25.0,5,4,0,1,1,1,1,0,0,0,"Master’s degree (M.A., M.S., M.Eng., MBA, etc.)",Employed,"Developer, full-stack","1,000 to 4,999 employees",Individual contributor,Remote,Software Development,Germany,102093.0,90033.98897100592,12059.011028994079
49.5,32.0,43.0,9,2,1,0,1,1,1,1,0,0,"Bachelor’s degree (B.A., B.S., B.Eng., etc.)",Employed,"Architect, software or solutions","10,000 or more employees",Individual contributor,Remote,Software Development,United States of America,600000.0,221538.7571360122,378461.2428639878
59.5,35.0,40.0,5,1,0,1,0,1,1,0,0,0,"Master’s degree (M.A., M.S., M.Eng., MBA, etc.)","Independent contractor, freelancer, or self-employed","Developer, desktop or enterprise applications",Unknown,Unknown,Unknown,Software Development,Belgium,69609.0,83725.0481603482,14116.048160348204
29.5,11.0,13.0,13,1,1,0,0,0,0,0,0,1,"Professional degree (JD, MD, Ph.D, Ed.D, etc.)",Employed,Other,I don’t know,Individual contributor,"Your choice (very flexible, you can come in when you want or just as needed)",Higher Education,Germany,63808.0,75197.41202051996,11389.412020519958
49.5,24.0,34.0,4,1,1,0,0,1,0,0,0,0,"Bachelor’s degree (B.A., B.S., B.Eng., etc.)",Employed,"Architect, software or solutions",20 to 99 employees,Individual contributor,"Your choice (very flexible, you can come in when you want or just as needed)",Software Development,Australia,123518.0,101099.13419101461,22418.865808985385
59.5,30.0,40.0,4,0,0,1,0,0,1,0,0,0,"Master’s degree (M.A., M.S., M.Eng., MBA, etc.)",I prefer not to say,"Developer, embedded applications or devices",Unknown,Unknown,Unknown,Unknown,Germany,116015.0,81244.24111570972,34770.75888429028
21.0,1.0,3.0,5,1,0,1,0,1,0,1,0,0,"Associate degree (A.A., A.S., etc.)",Employed,"Developer, full-stack",Less than 20 employees,Individual contributor,In-person,"Transportation, or Supply Chain",United States of America,50000.0,45021.98011169798,4978.01988830202
29.5,6.0,11.0,10,6,1,1,1,1,1,0,0,0,"Master’s degree (M.A., M.S., M.Eng., MBA, etc.)",Employed,"Developer, back-end",20 to 99 employees,People manager,"Hybrid (some in-person, leans heavy to flexibility)",Banking/Financial Services,Romania,83858.0,42396.041077372036,41461.958922627964
29.5,8.0,10.0,3,6,0,1,0,0,1,0,0,0,"Bachelor’s degree (B.A., B.S., B.Eng., etc.)",Employed,Engineering manager,100 to 499 employees,People manager,Remote,Fintech,Spain,104413.0,65630.64763380667,38782.35236619333
29.5,6.0,13.0,1,1,0,0,0,0,0,0,0,0,"Bachelor’s degree (B.A., B.S., B.Eng., etc.)",Employed,Other,"1,000 to 4,999 employees",People manager,"Hybrid (some remote, leans heavy to in-person)",Other:,Italy,40605.0,59010.26583551319,18405.265835513193
49.5,20.0,23.0,8,5,1,1,1,1,0,1,1,0,"Master’s degree (M.A., M.S., M.Eng., MBA, etc.)",Employed,Other,"10,000 or more employees",People manager,"Hybrid (some remote, leans heavy to in-person)","Internet, Telecomm or Information Services",India,62769.0,47823.315133800235,14945.684866199765
39.5,1.0,4.0,3,2,0,1,1,0,0,1,0,0,"Master’s degree (M.A., M.S., M.Eng., MBA, etc.)",Employed,"Developer, full-stack","10,000 or more employees",Individual contributor,"Hybrid (some remote, leans heavy to in-person)",Other:,Sweden,47065.0,36150.92987282352,10914.070127176477
59.5,25.0,35.0,4,3,1,1,0,0,0,0,0,0,"Professional degree (JD, MD, Ph.D, Ed.D, etc.)",Employed,Other,Less than 20 employees,People manager,"Hybrid (some in-person, leans heavy to flexibility)",Higher Education,United Kingdom of Great Britain and Northern Ireland,68071.0,75849.81414279698,7778.814142796982
39.5,10.0,17.0,6,4,0,1,1,1,1,0,1,0,"Bachelor’s degree (B.A., B.S., B.Eng., etc.)",Employed,"Developer, back-end",Less than 20 employees,Individual contributor,Remote,Software Development,Portugal,116015.0,68064.9370611164,47950.062938883595
21.0,4.0,7.0,4,1,0,0,0,1,0,0,0,0,"Bachelor’s degree (B.A., B.S., B.Eng., etc.)",Employed,"Developer, embedded applications or devices",100 to 499 employees,Individual contributor,In-person,Manufacturing,Other,21000.0,20497.644382427603,502.355617572397
29.5,4.0,5.0,7,5,1,1,0,1,0,0,0,0,"Bachelor’s degree (B.A., B.S., B.Eng., etc.)",Employed,"Developer, back-end",100 to 499 employees,Individual contributor,"Hybrid (some in-person, leans heavy to flexibility)","Internet, Telecomm or Information Services",India,17436.0,14381.537126262916,3054.462873737084
29.5,2.0,12.0,6,0,1,1,1,0,0,0,0,0,"Master’s degree (M.A., M.S., M.Eng., MBA, etc.)",Student,Other,Unknown,Unknown,Unknown,Unknown,Canada,29183.0,32478.13729128568,3295.1372912856787
39.5,22.0,24.0,4,6,1,1,1,0,0,0,0,0,Primary/elementary school,Employed,"Developer, full-stack",100 to 499 employees,Individual contributor,"Hybrid (some remote, leans heavy to in-person)",Software Development,Other,148248.0,64375.93191202695,83872.06808797305
39.5,19.0,22.0,3,1,0,1,1,0,0,0,0,0,"Bachelor’s degree (B.A., B.S., B.Eng., etc.)",Employed,"Developer, full-stack","5,000 to 9,999 employees",People manager,"Hybrid (some in-person, leans heavy to flexibility)",Retail and Consumer Services,Australia,138470.0,98578.60901089979,39891.39098910021
29.5,10.0,15.0,15,7,1,1,1,1,1,0,1,1,"Master’s degree (M.A., M.S., M.Eng., MBA, etc.)",Employed,"Developer, full-stack","1,000 to 4,999 employees",Individual contributor,"Hybrid (some in-person, leans heavy to flexibility)",Software Development,France,95132.0,82713.84874317542,12418.151256824582
29.5,10.0,20.0,4,1,0,0,1,0,0,0,1,0,"Master’s degree (M.A., M.S., M.Eng., MBA, etc.)",Employed,"Developer, mobile",Less than 20 employees,Individual contributor,"Hybrid (some remote, leans heavy to in-person)",Retail and Consumer Services,United Kingdom of Great Britain and Northern Ireland,122527.0,93607.58602464697,28919.413975353033
49.5,22.0,35.0,16,9,1,1,1,1,1,1,0,0,"Master’s degree (M.A., M.S., M.Eng., MBA, etc.)",Employed,"Developer, back-end","1,000 to 4,999 employees",Individual contributor,"Hybrid (some in-person, leans heavy to flexibility)",Banking/Financial Services,Switzerland,185989.0,133094.76977480113,52894.23022519887
49.5,25.0,25.0,2,1,0,1,0,0,0,0,0,0,Other (please specify):,"Independent contractor, freelancer, or self-employed","Developer, front-end",Unknown,Unknown,Unknown,Software Development,Spain,69609.0,84732.37054139544,15123.370541395445
29.5,2.0,7.0,12,4,1,1,1,1,0,0,1,1,Some college/university study without earning a degree,"Independent contractor, freelancer, or self-employed","Developer, back-end",Unknown,Unknown,Unknown,Fintech,Other,8221.0,30979.14206386931,22758.14206386931
39.5,13.0,13.0,4,3,0,1,0,1,0,1,0,0,"Bachelor’s degree (B.A., B.S., B.Eng., etc.)",Employed,"Developer, front-end",500 to 999 employees,Individual contributor,"Hybrid (some remote, leans heavy to in-person)",Software Development,India,29060.0,39948.57281293217,10888.572812932172
49.5,25.0,35.0,0,0,0,0,0,0,0,0,0,0,"Professional degree (JD, MD, Ph.D, Ed.D, etc.)",Employed,"Architect, software or solutions",20 to 99 employees,Individual contributor,Remote,Software Development,United Kingdom of Great Britain and Northern Ireland,122527.0,113293.2702308637,9233.729769136306
68.0,45.0,35.0,7,2,1,0,0,1,0,1,0,0,"Bachelor’s degree (B.A., B.S., B.Eng., etc.)",Employed,"Developer, back-end","10,000 or more employees",Individual contributor,Remote,Software Development,United Kingdom of Great Britain and Northern Ireland,70794.0,125724.80393182076,54930.80393182076
39.5,20.0,30.0,0,0,0,0,0,0,0,0,0,0,"Professional degree (JD, MD, Ph.D, Ed.D, etc.)",Employed,Other,"5,000 to 9,999 employees",Individual contributor,"Hybrid (some remote, leans heavy to in-person)",Higher Education,Sweden,62893.0,70901.45156570335,8008.451565703348
39.5,18.0,33.0,4,0,0,1,1,0,0,0,0,0,"Master’s degree (M.A., M.S., M.Eng., MBA, etc.)","Independent contractor, freelancer, or self-employed","Developer, front-end",Unknown,Unknown,Unknown,Software Development,Czech Republic,93611.0,86990.11834802764,6620.881651972362
49.5,30.0,45.0,9,6,1,1,0,1,0,0,1,0,Some college/university study without earning a degree,Employed,"Developer, full-stack","10,000 or more employees",Individual contributor,In-person,Software Development,United States of America,80000.0,195247.99360228787,115247.99360228787
21.0,3.0,5.0,9,7,1,1,1,1,0,0,0,0,"Associate degree (A.A., A.S., etc.)",Employed,"Developer, full-stack",Less than 20 employees,Individual contributor,Remote,Software Development,Other,7024.0,19243.125496127595,12219.125496127595
29.5,8.0,13.0,7,9,0,1,1,1,0,0,1,0,"Bachelor’s degree (B.A., B.S., B.Eng., etc.)",Employed,Other,20 to 99 employees,Individual contributor,Remote,Media & Advertising Services,Brazil,36000.0,46737.19924252306,10737.199242523056
29.5,10.0,24.0,4,0,1,0,0,0,0,0,0,0,"Bachelor’s degree (B.A., B.S., B.Eng., etc.)",Employed,"Developer, embedded applications or devices",100 to 499 employees,Individual contributor,Remote,Manufacturing,United Kingdom of Great Britain and Northern Ireland,91198.0,100263.76256197454,9065.762561974538
39.5,17.0,20.0,3,6,0,0,0,1,1,0,0,0,"Bachelor’s degree (B.A., B.S., B.Eng., etc.)",Employed,"Developer, back-end","1,000 to 4,999 employees",Individual contributor,Remote,Software Development,Spain,67289.0,86664.1738165011,19375.173816501105
39.5,18.0,30.0,13,3,1,1,1,0,0,0,0,1,"Bachelor’s degree (B.A., B.S., B.Eng., etc.)","Independent contractor, freelancer, or self-employed",Other,Unknown,Unknown,Unknown,Software Development,Canada,80254.0,100462.9158055505,20208.915805550496
49.5,10.0,12.0,10,7,0,1,1,1,1,1,0,0,Some college/university study without earning a degree,Employed,"Developer, full-stack","1,000 to 4,999 employees",Individual contributor,Unknown,Government,United States of America,77000.0,132754.99440821793,55754.99440821793
21.0,2.0,6.0,1,3,1,0,0,0,0,0,0,0,"Bachelor’s degree (B.A., B.S., B.Eng., etc.)",Employed,"Developer, back-end",20 to 99 employees,Individual contributor,In-person,Software Development,Other,5267.0,18136.936589521472,12869.936589521472
29.5,1.0,9.0,7,0,1,1,1,0,1,1,0,0,"Master’s degree (M.A., M.S., M.Eng., MBA, etc.)",Employed,"Developer, front-end","10,000 or more employees",Individual contributor,"Hybrid (some remote, leans heavy to in-person)",Software Development,Italy,39445.0,44473.29396349279,5028.29396349279
21.0,1.0,5.0,0,0,0,0,0,0,0,0,0,0,"Bachelor’s degree (B.A., B.S., B.Eng., etc.)",Student,Data scientist,"5,000 to 9,999 employees",Individual contributor,In-person,Banking/Financial Services,India,3487.0,9656.344424765406,6169.344424765406
39.5,20.0,11.0,9,4,1,1,1,1,0,1,1,0,Some college/university study without earning a degree,Employed,DevOps engineer or professional,"10,000 or more employees",Individual contributor,Remote,Insurance,United States of America,180000.0,186632.73924919582,6632.739249195816
39.5,14.0,16.0,7,10,1,0,0,1,1,0,0,0,Some college/university study without earning a degree,Employed,Data engineer,Less than 20 employees,Individual contributor,"Hybrid (some in-person, leans heavy to flexibility)",Other:,Other,91652.0,51875.619557701735,39776.380442298265
39.5,15.0,20.0,4,2,0,0,0,1,0,1,0,0,"Master’s degree (M.A., M.S., M.Eng., MBA, etc.)",Employed,"Architect, software or solutions",Less than 20 employees,Individual contributor,"Your choice (very flexible, you can come in when you want or just as needed)",Software Development,France,59167.0,79049.4988738345,19882.4988738345
29.5,4.0,7.0,9,3,0,1,1,1,0,1,0,0,"Bachelor’s degree (B.A., B.S., B.Eng., etc.)",Employed,DevOps engineer or professional,20 to 99 employees,Individual contributor,"Hybrid (some in-person, leans heavy to flexibility)",Software Development,Belgium,51511.0,39714.69798294533,11796.302017054673
21.0,4.0,11.0,9,5,0,1,1,1,1,0,1,0,"Bachelor’s degree (B.A., B.S., B.Eng., etc.)",Employed,"Developer, back-end","10,000 or more employees",Individual contributor,"Hybrid (some remote, leans heavy to in-person)",Banking/Financial Services,United States of America,110000.0,128295.61566795252,18295.615667952516
29.5,12.0,15.0,9,3,1,1,1,1,0,0,0,0,"Bachelor’s degree (B.A., B.S., B.Eng., etc.)",Employed,"Developer, full-stack",Less than 20 employees,Individual contributor,Remote,Software Development,United Kingdom of Great Britain and Northern Ireland,36758.0,86151.02282384914,49393.02282384914
21.0,3.0,,0,0,0,0,0,0,0,0,0,0,Some college/university study without earning a degree,"Independent contractor, freelancer, or self-employed","Developer, full-stack","Just me - I am a freelancer, sole proprietor, etc.",Individual contributor,In-person,Other:,India,1000000.0,27078.684514284818,972921.3154857152
29.5,5.0,9.0,3,3,1,0,0,0,1,0,0,0,"Bachelor’s degree (B.A., B.S., B.Eng., etc.)",Employed,"Developer, full-stack","5,000 to 9,999 employees",Individual contributor,"Your choice (very flexible, you can come in when you want or just as needed)",Software Development,Other,27960.0,31763.89188967158,3803.8918896715804
68.0,40.0,49.0,2,2,0,0,0,1,0,1,0,0,"Master’s degree (M.A., M.S., M.Eng., MBA, etc.)","Independent contractor, freelancer, or self-employed","Developer, desktop or enterprise applications",Unknown,Unknown,Unknown,Healthcare,Czech Republic,70208.0,83725.0481603482,13517.048160348204
29.5,6.0,8.0,5,1,1,0,0,0,1,0,0,0,"Bachelor’s degree (B.A., B.S., B.Eng., etc.)",Employed,"Developer, embedded applications or devices",20 to 99 employees,Individual contributor,"Hybrid (some remote, leans heavy to in-person)",Software Development,Other,45246.0,31364.258221416894,13881.741778583106
39.5,11.0,15.0,6,3,1,1,1,0,0,0,0,0,"Bachelor’s degree (B.A., B.S., B.Eng., etc.)",Employed,"Developer, full-stack",Less than 20 employees,Individual contributor,"Hybrid (some remote, leans heavy to in-person)",Other:,Germany,38285.0,68037.26610018703,29752.26610018703
59.5,28.0,39.0,7,1,1,0,0,1,0,0,0,0,"Bachelor’s degree (B.A., B.S., B.Eng., etc.)",Employed,"Developer, embedded applications or devices","10,000 or more employees",People manager,Remote,Other:,United States of America,158000.0,207640.5547059617,49640.554705961695
39.5,10.0,12.0,4,4,1,1,0,0,0,0,1,0,"Bachelor’s degree (B.A., B.S., B.Eng., etc.)",Employed,"Developer, full-stack",100 to 499 employees,People manager,"Hybrid (some in-person, leans heavy to flexibility)",Media & Advertising Services,Other,176485.0,49462.28737924536,127022.71262075464
49.5,23.0,27.0,11,8,1,1,1,1,1,0,0,1,"Bachelor’s degree (B.A., B.S., B.Eng., etc.)",Employed,DevOps engineer or professional,"5,000 to 9,999 employees",Individual contributor,"Hybrid (some remote, leans heavy to in-person)",Software Development,United States of America,200000.0,173004.4527634914,26995.547236508603
29.5,3.0,10.0,4,0,1,0,0,0,0,0,0,1,"Master’s degree (M.A., M.S., M.Eng., MBA, etc.)",Employed,"Developer, embedded applications or devices","1,000 to 4,999 employees",Individual contributor,"Hybrid (some remote, leans heavy to in-person)",Software Development,France,52207.0,52167.20956723293,39.79043276706943
59.5,34.0,41.0,2,0,0,0,0,0,0,1,0,0,"Bachelor’s degree (B.A., B.S., B.Eng., etc.)",Employed,"Developer, desktop or enterprise applications",100 to 499 employees,Individual contributor,"Hybrid (some in-person, leans heavy to flexibility)",Government,United States of America,95000.0,158442.7999916508,63442.7999916508
29.5,7.0,9.0,6,2,1,1,0,1,0,0,0,0,"Bachelor’s degree (B.A., B.S., B.Eng., etc.)",Employed,"Developer, full-stack",Less than 20 employees,People manager,Remote,Software Development,Other,76800.0,26826.769333802476,49973.23066619752
39.5,24.0,28.0,2,3,0,0,1,0,0,1,0,0,"Professional degree (JD, MD, Ph.D, Ed.D, etc.)",Employed,"Developer, full-stack",100 to 499 employees,Individual contributor,"Hybrid (some remote, leans heavy to in-person)",Software Development,Italy,32484.0,72193.29398308469,39709.29398308469
39.5,15.0,20.0,6,2,1,1,1,1,0,0,0,0,"Master’s degree (M.A., M.S., M.Eng., MBA, etc.)",Employed,"Developer, back-end",20 to 99 employees,Individual contributor,"Your choice (very flexible, you can come in when you want or just as needed)",Software Development,Austria,97452.0,84215.78688128316,13236.213118716842
21.0,2.0,6.0,8,5,1,1,1,1,0,1,0,0,"Bachelor’s degree (B.A., B.S., B.Eng., etc.)",Employed,"Developer, full-stack",20 to 99 employees,Individual contributor,"Hybrid (some remote, leans heavy to in-person)",Software Development,Netherlands,48726.0,35015.291174746075,13710.708825253925
29.5,8.0,13.0,4,1,1,0,0,1,1,0,0,0,"Bachelor’s degree (B.A., B.S., B.Eng., etc.)",Employed,"Developer, back-end","10,000 or more employees",Individual contributor,"Hybrid (some in-person, leans heavy to flexibility)","Transportation, or Supply Chain",Germany,86896.0,83676.87788810377,3219.1221118962276
29.5,6.0,10.0,2,5,0,0,0,0,0,0,1,0,"Bachelor’s degree (B.A., B.S., B.Eng., etc.)",Employed,Other,"1,000 to 4,999 employees",Individual contributor,Remote,Software Development,Canada,124029.0,76732.64588402509,47296.354115974915
29.5,10.0,11.0,0,0,0,0,0,0,0,0,0,0,Some college/university study without earning a degree,Employed,"Developer, full-stack","1,000 to 4,999 employees",Individual contributor,Remote,Software Development,Poland,42572.0,66055.39471105982,23483.394711059824
39.5,15.0,19.0,6,5,0,1,1,1,0,0,1,0,"Bachelor’s degree (B.A., B.S., B.Eng., etc.)","Independent contractor, freelancer, or self-employed","Developer, full-stack","Just me - I am a freelancer, sole proprietor, etc.",Individual contributor,Remote,Software Development,Other,12000.0,58070.96822411684,46070.96822411684
39.5,11.0,24.0,8,4,1,1,1,1,1,0,0,0,"Master’s degree (M.A., M.S., M.Eng., MBA, etc.)",Employed,"Developer, back-end",Less than 20 employees,Individual contributor,"Hybrid (some remote, leans heavy to in-person)",Other:,Germany,44550.0,75262.57207472624,30712.57207472624
39.5,13.0,3.0,1,1,0,0,0,1,0,0,0,0,"Master’s degree (M.A., M.S., M.Eng., MBA, etc.)",Employed,Other,100 to 499 employees,Individual contributor,"Hybrid (some remote, leans heavy to in-person)",Computer Systems Design and Services,United States of America,95000.0,102762.42236055603,7762.4223605560255
39.5,5.0,10.0,4,3,1,0,0,1,0,0,0,0,"Bachelor’s degree (B.A., B.S., B.Eng., etc.)",Employed,"Developer, back-end","5,000 to 9,999 employees",Individual contributor,Remote,Fintech,Brazil,40048.0,33503.904753998315,6544.095246001685
49.5,29.0,42.0,6,6,0,1,1,1,0,1,0,0,Some college/university study without earning a degree,Employed,"Developer, full-stack",100 to 499 employees,Unknown,Unknown,Retail and Consumer Services,United States of America,220000.0,154741.20170502522,65258.79829497478
39.5,6.0,6.0,7,6,0,1,1,1,1,0,0,0,Some college/university study without earning a degree,"Independent contractor, freelancer, or self-employed","Developer, back-end",Unknown,Unknown,Unknown,Software Development,Italy,50118.0,46595.72264295145,3522.2773570485515
21.0,3.0,15.0,6,2,0,1,0,1,1,0,0,0,"Bachelor’s degree (B.A., B.S., B.Eng., etc.)",Employed,"Developer, back-end","1,000 to 4,999 employees",Individual contributor,"Hybrid (some in-person, leans heavy to flexibility)",Healthcare,Canada,72958.0,59430.08929755779,13527.910702442212
59.5,37.0,37.0,4,0,1,0,0,0,0,0,0,0,"Bachelor’s degree (B.A., B.S., B.Eng., etc.)",Employed,"Developer, embedded applications or devices",100 to 499 employees,Individual contributor,In-person,Manufacturing,United States of America,145000.0,143609.38101728435,1390.6189827156486
29.5,4.0,9.0,2,1,0,1,1,0,0,0,0,0,"Master’s degree (M.A., M.S., M.Eng., MBA, etc.)",Employed,"Developer, full-stack","1,000 to 4,999 employees",Individual contributor,Remote,Software Development,Ukraine,100000.0,25444.975648571886,74555.02435142812
21.0,4.0,10.0,5,1,1,1,1,1,0,1,0,0,"Associate degree (A.A., A.S., etc.)",Employed,"Architect, software or solutions",100 to 499 employees,Individual contributor,Remote,Software Development,United States of America,80000.0,98320.41425751183,18320.41425751183
49.5,30.0,35.0,5,0,1,1,0,0,0,1,0,0,"Bachelor’s degree (B.A., B.S., B.Eng., etc.)",Employed,"Developer, back-end",I don’t know,Individual contributor,Remote,Software Development,Canada,131325.0,92549.98248076673,38775.01751923327
29.5,10.0,15.0,7,2,1,0,0,1,0,0,1,0,"Master’s degree (M.A., M.S., M.Eng., MBA, etc.)",Employed,DevOps engineer or professional,"10,000 or more employees",Individual contributor,"Hybrid (some remote, leans heavy to in-person)",Manufacturing,Canada,98494.0,96460.51751205306,2033.482487946938
29.5,8.0,13.0,7,5,1,1,1,1,0,1,0,0,"Master’s degree (M.A., M.S., M.Eng., MBA, etc.)",Employed,"Developer, full-stack",20 to 99 employees,Individual contributor,"Your choice (very flexible, you can come in when you want or just as needed)",Software Development,Switzerland,132672.0,113301.00766994845,19370.99233005155
29.5,10.0,13.0,1,0,0,0,0,0,0,0,0,1,"Bachelor’s degree (B.A., B.S., B.Eng., etc.)",Employed,"Developer, back-end",100 to 499 employees,Individual contributor,Remote,Software Development,Spain,149659.0,82201.31828789196,67457.68171210804
29.5,8.0,10.0,3,3,0,0,0,0,0,0,0,0,"Master’s degree (M.A., M.S., M.Eng., MBA, etc.)",Employed,"Developer, back-end",20 to 99 employees,Individual contributor,"Hybrid (some remote, leans heavy to in-person)","Internet, Telecomm or Information Services",France,51841.0,61500.24104972422,9659.241049724224
21.0,2.0,4.0,15,7,1,1,1,1,1,1,1,0,"Secondary school (e.g. American high school, German Realschule or Gymnasium, etc.)",Employed,"Developer, full-stack","1,000 to 4,999 employees",Individual contributor,"Hybrid (some in-person, leans heavy to flexibility)",Software Development,Germany,52207.0,28422.652759490404,23784.347240509596
29.5,9.0,9.0,4,2,1,0,0,0,0,0,0,0,"Bachelor’s degree (B.A., B.S., B.Eng., etc.)",Employed,"Developer, full-stack","10,000 or more employees",Individual contributor,Remote,"Internet, Telecomm or Information Services",United States of America,165000.0,144504.72673629742,20495.273263702577
29.5,4.0,6.0,8,3,1,1,1,1,0,0,1,0,Some college/university study without earning a degree,Employed,"Developer, full-stack","1,000 to 4,999 employees",Individual contributor,"Your choice (very flexible, you can come in when you want or just as needed)",Software Development,United Kingdom of Great Britain and Northern Ireland,85088.0,60114.01759822358,24973.98240177642
29.5,8.0,10.0,9,2,0,1,1,1,0,1,0,0,"Bachelor’s degree (B.A., B.S., B.Eng., etc.)",Employed,"Developer, desktop or enterprise applications","5,000 to 9,999 employees",Individual contributor,Remote,Other:,Czech Republic,58975.0,60667.39476698229,1692.3947669822883
29.5,3.0,3.0,2,3,1,1,0,0,0,0,0,0,"Bachelor’s degree (B.A., B.S., B.Eng., etc.)",Employed,"Developer, full-stack",20 to 99 employees,Individual contributor,Remote,Unknown,India,4882.0,4108.738895784531,773.2611042154685
21.0,6.0,11.0,3,0,0,1,1,0,0,0,0,0,"Bachelor’s degree (B.A., B.S., B.Eng., etc.)",Employed,"Developer, back-end","5,000 to 9,999 employees",Individual contributor,Remote,Software Development,Brazil,18204.0,39531.933851685106,21327.933851685106
59.5,15.0,15.0,4,2,0,1,0,1,0,0,0,0,Some college/university study without earning a degree,Employed,"Developer, full-stack",20 to 99 employees,Individual contributor,Remote,Software Development,Other,73292.0,54488.26328673377,18803.736713266233
49.5,25.0,30.0,4,4,0,1,1,1,0,0,0,0,"Bachelor’s degree (B.A., B.S., B.Eng., etc.)",Employed,"Developer, full-stack",Less than 20 employees,Individual contributor,"Hybrid (some remote, leans heavy to in-person)",Other:,United States of America,75000.0,135611.44246240018,60611.442462400184
39.5,20.0,28.0,6,2,0,1,1,1,0,1,0,0,"Bachelor’s degree (B.A., B.S., B.Eng., etc.)",Employed,"Developer, full-stack",Less than 20 employees,Individual contributor,Remote,Software Development,United States of America,131200.0,137195.27261000566,5995.272610005661
29.5,5.0,5.0,2,1,0,1,0,0,0,0,0,0,"Bachelor’s degree (B.A., B.S., B.Eng., etc.)","Independent contractor, freelancer, or self-employed","Developer, full-stack",Unknown,Unknown,Unknown,Software Development,United States of America,5000.0,97203.0585943071,92203.0585943071
39.5,20.0,20.0,7,2,1,1,1,1,1,1,0,0,"Master’s degree (M.A., M.S., M.Eng., MBA, etc.)",Employed,"Developer, full-stack",20 to 99 employees,Individual contributor,In-person,Computer Systems Design and Services,France,69609.0,76431.07389639948,6822.073896399481
39.5,17.0,26.0,3,2,0,1,0,1,0,0,0,0,"Bachelor’s degree (B.A., B.S., B.Eng., etc.)",Employed,Engineering manager,100 to 499 employees,People manager,Remote,Software Development,United States of America,238000.0,175873.48106890998,62126.51893109002
21.0,4.0,8.0,5,8,0,1,1,1,1,0,0,0,"Bachelor’s degree (B.A., B.S., B.Eng., etc.)",Employed,"Developer, back-end",500 to 999 employees,Individual contributor,Remote,Software Development,Ukraine,3595.0,26900.194978523956,23305.194978523956
21.0,2.0,6.0,8,2,1,1,0,1,1,1,0,0,"Bachelor’s degree (B.A., B.S., B.Eng., etc.)",Employed,"Developer, back-end","10,000 or more employees",Individual contributor,"Hybrid (some remote, leans heavy to in-person)",Manufacturing,United States of America,90000.0,84578.1703920154,5421.829607984604
21.0,,6.0,3,0,1,0,0,0,0,0,0,0,"Master’s degree (M.A., M.S., M.Eng., MBA, etc.)",Student,AI/ML engineer,"10,000 or more employees",Individual contributor,In-person,"Internet, Telecomm or Information Services",Other,15043.0,27179.90103402052,12136.90103402052
49.5,20.0,30.0,5,3,0,1,0,1,0,0,0,0,"Bachelor’s degree (B.A., B.S., B.Eng., etc.)",Employed,"Developer, full-stack",Less than 20 employees,Individual contributor,Remote,Media & Advertising Services,United States of America,55000.0,136510.15514288176,81510.15514288176
39.5,14.0,20.0,6,3,1,0,0,1,1,0,0,0,"Bachelor’s degree (B.A., B.S., B.Eng., etc.)",Employed,DevOps engineer or professional,"10,000 or more employees",Individual contributor,"Hybrid (some in-person, leans heavy to flexibility)",Banking/Financial Services,Australia,93613.0,113020.2033760053,19407.203376005302
39.5,20.0,30.0,4,5,0,0,0,1,0,0,0,1,"Bachelor’s degree (B.A., B.S., B.Eng., etc.)",Employed,DevOps engineer or professional,100 to 499 employees,Individual contributor,Remote,Software Development,United States of America,167000.0,185124.97400091382,18124.97400091382
29.5,10.0,16.0,3,0,0,0,0,0,0,0,0,0,"Master’s degree (M.A., M.S., M.Eng., MBA, etc.)",Employed,"Developer, mobile",100 to 499 employees,Individual contributor,"Hybrid (some in-person, leans heavy to flexibility)",Software Development,United Kingdom of Great Britain and Northern Ireland,90143.0,97550.167538502,7407.167538502006
49.5,28.0,39.0,5,1,1,1,0,1,0,0,0,0,"Bachelor’s degree (B.A., B.S., B.Eng., etc.)","Independent contractor, freelancer, or self-employed","Developer, back-end",Unknown,Unknown,Unknown,Software Development,United Kingdom of Great Britain and Northern Ireland,122527.0,106397.04989751586,16129.950102484145
68.0,45.0,45.0,1,1,0,0,0,0,0,0,1,0,Some college/university study without earning a degree,"Independent contractor, freelancer, or self-employed","Senior executive (C-suite, VP, etc.)",Less than 20 employees,Individual contributor,Remote,Software Development,Other,139218.0,70908.55363440617,68309.44636559383
29.5,,10.0,7,4,1,0,0,1,0,0,0,0,"Bachelor’s degree (B.A., B.S., B.Eng., etc.)",Student,Other,20 to 99 employees,Individual contributor,"Your choice (very flexible, you can come in when you want or just as needed)",Software Development,Netherlands,8353.0,38227.6293792802,29874.629379280203
29.5,14.0,18.0,13,6,1,0,0,1,1,0,1,0,"Master’s degree (M.A., M.S., M.Eng., MBA, etc.)",Employed,DevOps engineer or professional,"5,000 to 9,999 employees",People manager,"Hybrid (some remote, leans heavy to in-person)","Transportation, or Supply Chain",New Zealand,78306.0,90858.28758018542,12552.287580185424
21.0,1.0,12.0,8,1,1,0,0,1,1,1,0,0,"Master’s degree (M.A., M.S., M.Eng., MBA, etc.)",Employed,"Developer, embedded applications or devices","10,000 or more employees",Individual contributor,"Your choice (very flexible, you can come in when you want or just as needed)","Internet, Telecomm or Information Services",Ukraine,9000.0,30651.966543801,21651.966543801
39.5,20.0,27.0,5,0,1,1,0,0,0,0,1,0,"Master’s degree (M.A., M.S., M.Eng., MBA, etc.)",Employed,"Architect, software or solutions",500 to 999 employees,Individual contributor,"Hybrid (some remote, leans heavy to in-person)",Other:,Denmark,124416.0,106659.43783038457,17756.562169615427
39.5,25.0,30.0,6,4,0,1,1,1,0,1,0,0,"Secondary school (e.g. American high school, German Realschule or Gymnasium, etc.)","Independent contractor, freelancer, or self-employed","Developer, back-end",Unknown,Unknown,Unknown,Software Development,Germany,81210.0,85159.86593933367,3949.865939333671
39.5,9.0,10.0,5,2,0,1,0,1,0,0,0,0,"Bachelor’s degree (B.A., B.S., B.Eng., etc.)",Employed,"Developer, back-end",20 to 99 employees,Individual contributor,Remote,Software Development,United States of America,101000.0,135681.4174267125,34681.41742671249
49.5,33.0,40.0,6,3,0,1,0,1,0,1,0,0,"Master’s degree (M.A., M.S., M.Eng., MBA, etc.)",Employed,"Architect, software or solutions",100 to 499 employees,Individual contributor,Remote,Healthcare,United States of America,145000.0,167040.21247920702,22040.212479207024
29.5,8.0,12.0,5,3,0,1,1,0,0,0,0,0,"Bachelor’s degree (B.A., B.S., B.Eng., etc.)",Employed,"Developer, front-end",100 to 499 employees,Individual contributor,Remote,Software Development,India,139488.0,34633.57692628366,104854.42307371635
39.5,16.0,26.0,12,6,1,0,0,1,0,1,0,1,"Professional degree (JD, MD, Ph.D, Ed.D, etc.)",Employed,"Developer, back-end","10,000 or more employees",Individual contributor,"Your choice (very flexible, you can come in when you want or just as needed)",Software Development,Other,162421.0,86967.49856168394,75453.50143831606
39.5,15.0,19.0,2,0,1,0,0,0,0,0,0,0,"Bachelor’s degree (B.A., B.S., B.Eng., etc.)",Employed,"Developer, embedded applications or devices","1,000 to 4,999 employees",Individual contributor,"Hybrid (some remote, leans heavy to in-person)",Manufacturing,Other,87591.0,62887.40129622031,24703.598703779688
29.5,13.0,13.0,9,10,0,1,1,1,0,0,1,0,"Bachelor’s degree (B.A., B.S., B.Eng., etc.)",Employed,"Developer, full-stack",Less than 20 employees,Individual contributor,"Hybrid (some remote, leans heavy to in-person)",Software Development,Other,101546.0,41039.809916631995,60506.190083368005
29.5,4.0,7.0,4,2,1,0,0,0,0,0,0,0,"Master’s degree (M.A., M.S., M.Eng., MBA, etc.)",Employed,AI/ML engineer,"10,000 or more employees",Individual contributor,"Hybrid (some remote, leans heavy to in-person)",Manufacturing,Poland,27290.0,46125.4866198742,18835.486619874202
39.5,20.0,24.0,0,0,0,0,0,0,0,0,0,0,"Secondary school (e.g. American high school, German Realschule or Gymnasium, etc.)","Independent contractor, freelancer, or self-employed",Other,Unknown,Unknown,Unknown,Computer Systems Design and Services,Other,62180.0,62820.13769586068,640.1376958606779
39.5,20.0,20.0,3,0,0,1,0,0,0,1,0,0,"Bachelor’s degree (B.A., B.S., B.Eng., etc.)","Independent contractor, freelancer, or self-employed",Engineering manager,Unknown,Unknown,Unknown,Software Development,India,27898.0,63601.426383682476,35703.426383682476
29.5,2.0,5.0,4,2,0,0,0,1,1,0,0,0,"Bachelor’s degree (B.A., B.S., B.Eng., etc.)",Employed,"Developer, back-end",20 to 99 employees,Individual contributor,In-person,Banking/Financial Services,Poland,32748.0,27505.970635260128,5242.029364739872
39.5,17.0,25.0,3,0,1,0,0,0,0,0,0,0,"Master’s degree (M.A., M.S., M.Eng., MBA, etc.)","Independent contractor, freelancer, or self-employed","Developer, desktop or enterprise applications",Unknown,Unknown,Unknown,Software Development,Poland,96292.0,79208.52658849004,17083.473411509956
21.0,4.0,9.0,2,0,1,0,0,0,0,0,0,0,"Master’s degree (M.A., M.S., M.Eng., MBA, etc.)",Employed,AI/ML engineer,20 to 99 employees,Individual contributor,"Hybrid (some in-person, leans heavy to flexibility)",Software Development,Ukraine,48000.0,26455.714423866244,21544.285576133756
39.5,10.0,20.0,5,1,1,1,0,0,0,0,0,0,"Bachelor’s degree (B.A., B.S., B.Eng., etc.)",Employed,"Senior executive (C-suite, VP, etc.)",20 to 99 employees,People manager,"Your choice (very flexible, you can come in when you want or just as needed)",Software Development,Canada,109438.0,93505.5202430941,15932.479756905901
39.5,6.0,6.0,9,6,0,1,1,1,0,0,0,0,"Bachelor’s degree (B.A., B.S., B.Eng., etc.)",Employed,"Developer, full-stack",20 to 99 employees,Individual contributor,"Hybrid (some remote, leans heavy to in-person)",Higher Education,United States of America,98000.0,89473.31053031071,8526.689469689285
29.5,13.0,18.0,10,3,1,1,0,1,1,0,1,0,"Master’s degree (M.A., M.S., M.Eng., MBA, etc.)",Employed,"Developer, back-end",100 to 499 employees,Individual contributor,Remote,Software Development,United States of America,135000.0,173517.3600781975,38517.3600781975
59.5,35.0,45.0,3,2,0,0,1,0,0,0,1,0,"Bachelor’s degree (B.A., B.S., B.Eng., etc.)",Employed,"Developer, desktop or enterprise applications",500 to 999 employees,Individual contributor,Remote,Software Development,United States of America,125000.0,182621.20986315908,57621.20986315908
29.5,10.0,17.0,7,6,1,1,0,0,1,0,1,0,"Bachelor’s degree (B.A., B.S., B.Eng., etc.)",Employed,Other,"10,000 or more employees",Individual contributor,Remote,Fintech,Canada,196988.0,98763.86770620002,98224.13229379998
49.5,30.0,30.0,8,2,0,1,1,1,0,1,0,0,"Secondary school (e.g. American high school, German Realschule or Gymnasium, etc.)","Independent contractor, freelancer, or self-employed","Developer, full-stack","Just me - I am a freelancer, sole proprietor, etc.",Unknown,Unknown,Software Development,Romania,126361.0,67837.61140647555,58523.38859352445
39.5,11.0,8.0,3,3,0,0,0,1,1,0,0,0,"Professional degree (JD, MD, Ph.D, Ed.D, etc.)",Employed,"Developer, back-end","1,000 to 4,999 employees",Individual contributor,Remote,"Transportation, or Supply Chain",Other,32445.0,36757.10729099421,4312.107290994209
49.5,31.0,35.0,3,5,0,0,1,0,0,1,0,0,Some college/university study without earning a degree,Employed,"Architect, software or solutions",20 to 99 employees,People manager,Remote,Software Development,Canada,100683.0,93747.33859395735,6935.661406042651
39.5,15.0,15.0,11,2,1,1,1,1,1,1,0,0,"Bachelor’s degree (B.A., B.S., B.Eng., etc.)",Employed,"Developer, full-stack","1,000 to 4,999 employees",Individual contributor,"Hybrid (some in-person, leans heavy to flexibility)",Media & Advertising Services,France,116015.0,78233.82366510404,37781.176334895965
49.5,25.0,30.0,8,6,0,1,1,1,0,0,1,0,"Bachelor’s degree (B.A., B.S., B.Eng., etc.)",Employed,"Developer, full-stack",I don’t know,Individual contributor,Remote,Software Development,United States of America,190000.0,163530.13019081397,26469.869809186028
21.0,1.0,5.0,7,3,1,1,1,1,0,0,0,0,"Bachelor’s degree (B.A., B.S., B.Eng., etc.)",Employed,"Developer, front-end",500 to 999 employees,Individual contributor,"Hybrid (some remote, leans heavy to in-person)",Software Development,India,6974.0,11003.168105808747,4029.168105808747
49.5,27.0,40.0,4,0,0,1,1,0,0,0,0,0,Some college/university study without earning a degree,Employed,"Developer, mobile",20 to 99 employees,Individual contributor,Remote,Software Development,United States of America,220000.0,155152.52318993784,64847.47681006216
39.5,12.0,15.0,8,3,1,1,1,1,0,0,0,0,"Secondary school (e.g. American high school, German Realschule or Gymnasium, etc.)","Independent contractor, freelancer, or self-employed","Developer, full-stack",Unknown,Unknown,Unknown,Software Development,Czech Republic,168500.0,74157.23960170787,94342.76039829213
49.5,29.0,29.0,7,7,0,1,0,1,0,0,1,0,Some college/university study without earning a degree,Employed,"Developer, full-stack",Less than 20 employees,Individual contributor,Remote,Software Development,Portugal,290037.0,76230.63510889569,213806.3648911043
21.0,3.0,10.0,12,4,1,1,1,1,1,0,1,0,"Bachelor’s degree (B.A., B.S., B.Eng., etc.)",Employed,"Developer, full-stack",100 to 499 employees,Individual contributor,Remote,"Internet, Telecomm or Information Services",India,40684.0,19620.858304789355,21063.141695210645
29.5,10.0,14.0,12,5,1,1,1,1,1,0,0,0,"Associate degree (A.A., A.S., etc.)",Employed,"Developer, full-stack",Less than 20 employees,Individual contributor,Remote,Healthcare,Brazil,50000.0,38531.55134258103,11468.448657418972
39.5,15.0,25.0,12,6,1,1,1,1,1,0,0,0,"Secondary school (e.g. American high school, German Realschule or Gymnasium, etc.)",Employed,"Developer, full-stack",500 to 999 employees,Individual contributor,"Hybrid (some in-person, leans heavy to flexibility)",Government,Germany,46406.0,81715.26321920086,35309.26321920086
29.5,3.0,15.0,6,2,0,1,1,1,1,0,0,0,Some college/university study without earning a degree,Employed,"Developer, full-stack","10,000 or more employees",Individual contributor,Remote,Software Development,Other,23759.0,46403.25475772805,22644.25475772805
21.0,,8.0,11,5,1,1,1,1,1,0,0,0,"Bachelor’s degree (B.A., B.S., B.Eng., etc.)","Independent contractor, freelancer, or self-employed","Developer, full-stack",Unknown,Unknown,Unknown,Software Development,Canada,23347.0,53389.15900924893,30042.159009248928
29.5,5.0,13.0,0,0,0,0,0,0,0,0,0,0,"Master’s degree (M.A., M.S., M.Eng., MBA, etc.)",Employed,"Developer, full-stack",20 to 99 employees,Individual contributor,Remote,Energy,Italy,38285.0,48805.94370922688,10520.943709226878
29.5,1.0,16.0,13,5,1,1,0,1,1,1,0,1,Some college/university study without earning a degree,Employed,"Developer, full-stack",20 to 99 employees,Individual contributor,Remote,"Transportation, or Supply Chain",United States of America,60000.0,112569.6363925387,52569.6363925387
29.5,2.0,6.0,8,4,1,1,1,1,0,1,1,0,"Master’s degree (M.A., M.S., M.Eng., MBA, etc.)",Employed,"Developer, full-stack",20 to 99 employees,Individual contributor,In-person,Software Development,France,35965.0,36536.96491079584,571.9649107958394
39.5,18.0,25.0,5,0,0,1,1,0,0,0,0,0,Some college/university study without earning a degree,Employed,"Developer, full-stack",20 to 99 employees,Individual contributor,"Your choice (very flexible, you can come in when you want or just as needed)","Internet, Telecomm or Information Services",Sweden,56604.0,81226.60323300058,24622.603233000584
49.5,13.0,13.0,14,11,1,1,0,1,1,0,1,0,"Master’s degree (M.A., M.S., M.Eng., MBA, etc.)",Employed,"Developer, back-end","1,000 to 4,999 employees",Individual contributor,"Hybrid (some in-person, leans heavy to flexibility)",Retail and Consumer Services,India,17436.0,40111.63921022527,22675.639210225272
49.5,12.0,25.0,2,1,0,1,0,0,1,0,0,0,"Professional degree (JD, MD, Ph.D, Ed.D, etc.)",Employed,"Developer, full-stack",100 to 499 employees,Individual contributor,"Your choice (very flexible, you can come in when you want or just as needed)",Software Development,Other,86315.0,64921.05375455845,21393.946245441548
49.5,6.0,8.0,9,6,1,1,0,1,0,1,0,0,"Bachelor’s degree (B.A., B.S., B.Eng., etc.)",Employed,"Developer, full-stack",Less than 20 employees,Individual contributor,"Hybrid (some remote, leans heavy to in-person)",Software Development,Australia,61109.0,40767.876721284425,20341.123278715575
29.5,10.0,12.0,4,2,0,1,0,1,0,1,0,0,"Associate degree (A.A., A.S., etc.)",Employed,"Developer, full-stack",Less than 20 employees,Individual contributor,"Hybrid (some in-person, leans heavy to flexibility)",Software Development,United States of America,107000.0,109633.40588659696,2633.4058865969564
29.5,9.0,15.0,2,0,0,0,0,0,1,0,0,0,"Bachelor’s degree (B.A., B.S., B.Eng., etc.)",Employed,Other,100 to 499 employees,Individual contributor,"Hybrid (some in-person, leans heavy to flexibility)",Software Development,Other,8779.0,49875.36546048192,41096.36546048192
39.5,19.0,21.0,7,7,1,1,0,1,0,0,0,0,"Master’s degree (M.A., M.S., M.Eng., MBA, etc.)",Employed,"Architect, software or solutions",20 to 99 employees,People manager,Remote,Software Development,Other,48000.0,68515.73157064337,20515.731570643373
29.5,4.0,5.0,11,4,1,1,1,1,0,0,0,1,"Master’s degree (M.A., M.S., M.Eng., MBA, etc.)",Employed,Other,20 to 99 employees,Individual contributor,In-person,Software Development,India,8137.0,13119.899601693982,4982.899601693982
39.5,20.0,30.0,6,5,1,1,1,0,0,0,0,1,Some college/university study without earning a degree,Employed,"Architect, software or solutions",100 to 499 employees,People manager,"Hybrid (some in-person, leans heavy to flexibility)",Software Development,France,58007.0,94281.54115477396,36274.541154773964
29.5,4.0,12.0,4,0,1,0,0,0,0,0,0,0,"Bachelor’s degree (B.A., B.S., B.Eng., etc.)",Employed,"Developer, embedded applications or devices","10,000 or more employees",Individual contributor,Remote,"Internet, Telecomm or Information Services",Poland,54580.0,55149.840598776624,569.8405987766237
29.5,5.0,7.0,5,8,1,0,0,1,0,0,0,0,"Master’s degree (M.A., M.S., M.Eng., MBA, etc.)",Employed,Data scientist,"10,000 or more employees",Individual contributor,Remote,Software Development,Other,48937.0,38137.23518708361,10799.764812916394
29.5,12.0,12.0,5,5,1,0,0,1,0,0,0,1,"Bachelor’s degree (B.A., B.S., B.Eng., etc.)",Employed,"Developer, back-end",100 to 499 employees,Individual contributor,Remote,Software Development,United States of America,260000.0,170777.60924254518,89222.39075745482
21.0,1.0,4.0,5,7,1,1,1,1,0,0,0,0,"Bachelor’s degree (B.A., B.S., B.Eng., etc.)",Employed,"Developer, back-end",100 to 499 employees,Individual contributor,In-person,Healthcare,India,3952.0,9579.916682302983,5627.916682302983
39.5,14.0,30.0,7,0,0,0,1,0,0,1,1,0,Some college/university study without earning a degree,Employed,"Developer, full-stack",20 to 99 employees,Individual contributor,"Hybrid (some remote, leans heavy to in-person)",Manufacturing,Netherlands,41765.0,84123.25924240223,42358.25924240223
39.5,13.0,15.0,4,2,0,0,1,1,0,1,0,0,"Bachelor’s degree (B.A., B.S., B.Eng., etc.)",Employed,Engineering manager,"1,000 to 4,999 employees",People manager,Remote,Retail and Consumer Services,United States of America,190000.0,176415.59438705057,13584.405612949427
29.5,5.0,11.0,7,1,1,1,1,1,0,1,0,0,"Bachelor’s degree (B.A., B.S., B.Eng., etc.)",Not employed,"Developer, back-end",Unknown,Unknown,Unknown,Unknown,United Kingdom of Great Britain and Northern Ireland,61264.0,69196.26692051078,7932.266920510781
29.5,5.0,10.0,4,5,0,0,0,1,0,1,0,0,"Associate degree (A.A., A.S., etc.)",Employed,"Developer, full-stack",Less than 20 employees,Individual contributor,In-person,Software Development,Turkey,25248.0,26144.126406210715,896.1264062107148
39.5,11.0,15.0,7,3,0,1,0,1,0,1,0,0,"Bachelor’s degree (B.A., B.S., B.Eng., etc.)",Employed,"Developer, desktop or enterprise applications",Less than 20 employees,Individual contributor,"Hybrid (some in-person, leans heavy to flexibility)",Software Development,United States of America,105000.0,121834.70206111034,16834.702061110336
49.5,25.0,30.0,4,4,0,1,1,1,0,0,0,0,"Bachelor’s degree (B.A., B.S., B.Eng., etc.)",Employed,"Developer, full-stack",20 to 99 employees,Individual contributor,"Hybrid (some in-person, leans heavy to flexibility)",Software Development,Sweden,68134.0,81214.30866153286,13080.308661532865
39.5,10.0,20.0,6,1,1,0,0,1,0,0,0,1,"Master’s degree (M.A., M.S., M.Eng., MBA, etc.)",Employed,"Developer, desktop or enterprise applications",500 to 999 employees,Individual contributor,Remote,Software Development,Germany,116015.0,98030.88168929816,17984.118310701844
39.5,23.0,25.0,7,6,1,1,1,1,0,0,0,0,"Bachelor’s degree (B.A., B.S., B.Eng., etc.)",Employed,DevOps engineer or professional,20 to 99 employees,Individual contributor,In-person,Unknown,United States of America,87000.0,126188.37353218536,39188.37353218536
29.5,4.0,8.0,7,4,0,1,1,1,1,0,0,0,"Bachelor’s degree (B.A., B.S., B.Eng., etc.)",Employed,"Developer, full-stack","10,000 or more employees",Individual contributor,"Hybrid (some remote, leans heavy to in-person)",Software Development,Portugal,26683.0,43803.04585496654,17120.04585496654
39.5,14.0,20.0,6,2,0,1,1,0,0,0,1,0,"Bachelor’s degree (B.A., B.S., B.Eng., etc.)",Employed,"Developer, full-stack",20 to 99 employees,Individual contributor,"Hybrid (some remote, leans heavy to in-person)",Media & Advertising Services,Other,3383.0,58987.38588558936,55604.38588558936
39.5,13.0,15.0,3,6,0,0,0,1,1,0,0,0,"Master’s degree (M.A., M.S., M.Eng., MBA, etc.)",Employed,Engineering manager,"10,000 or more employees",People manager,"Hybrid (some in-person, leans heavy to flexibility)",Software Development,India,75556.0,56613.505391176404,18942.494608823596
29.5,13.0,25.0,4,4,1,1,0,1,1,0,0,0,"Professional degree (JD, MD, Ph.D, Ed.D, etc.)",I prefer not to say,"Architect, software or solutions",Unknown,Unknown,Unknown,Unknown,Germany,254851.0,82676.53139889789,172174.46860110213
29.5,15.0,15.0,2,0,0,0,0,0,0,0,0,0,"Bachelor’s degree (B.A., B.S., B.Eng., etc.)",Employed,"Developer, mobile","10,000 or more employees",Individual contributor,"Hybrid (some in-person, leans heavy to flexibility)",Software Development,Sweden,88050.0,92394.54960168613,4344.549601686129
21.0,3.0,7.0,4,0,0,1,0,0,1,0,0,0,"Bachelor’s degree (B.A., B.S., B.Eng., etc.)",Employed,"Developer, full-stack","10,000 or more employees",Individual contributor,In-person,Software Development,India,41846.0,16953.052717918625,24892.947282081375
49.5,26.0,29.0,6,6,1,1,1,1,0,0,0,0,Some college/university study without earning a degree,Employed,"Developer, full-stack",500 to 999 employees,Individual contributor,"Hybrid (some remote, leans heavy to in-person)",Media & Advertising Services,Austria,71929.0,83211.00555603275,11282.005556032746
59.5,30.0,35.0,9,13,1,1,1,1,1,1,1,0,"Bachelor’s degree (B.A., B.S., B.Eng., etc.)","Independent contractor, freelancer, or self-employed","Architect, software or solutions",Unknown,Unknown,Unknown,Software Development,United States of America,250000.0,180099.8692567428,69900.1307432572
39.5,16.0,24.0,5,4,0,0,1,1,0,1,0,0,"Bachelor’s degree (B.A., B.S., B.Eng., etc.)",Employed,"Developer, full-stack",100 to 499 employees,Individual contributor,"Hybrid (some remote, leans heavy to in-person)",Other:,France,220428.0,83211.00555603275,137216.99444396724
39.5,23.0,30.0,7,5,1,1,0,1,0,0,0,0,"Bachelor’s degree (B.A., B.S., B.Eng., etc.)",Employed,"Developer, back-end",Less than 20 employees,Individual contributor,"Hybrid (some in-person, leans heavy to flexibility)",Healthcare,New Zealand,66259.0,76569.85040368124,10310.850403681237
29.5,5.0,12.0,7,4,1,1,1,1,0,0,1,0,"Master’s degree (M.A., M.S., M.Eng., MBA, etc.)",Employed,"Developer, full-stack",100 to 499 employees,Individual contributor,"Hybrid (some remote, leans heavy to in-person)",Software Development,France,55687.0,57806.05684198763,2119.056841987629
49.5,26.0,30.0,4,2,1,0,0,0,0,0,0,1,Some college/university study without earning a degree,Employed,"Architect, software or solutions",20 to 99 employees,People manager,"Hybrid (some remote, leans heavy to in-person)","Internet, Telecomm or Information Services",Switzerland,99194.0,177141.71969335026,77947.71969335026
29.5,6.0,9.0,7,4,1,1,0,1,0,1,0,0,"Bachelor’s degree (B.A., B.S., B.Eng., etc.)",Employed,"Developer, full-stack","1,000 to 4,999 employees",Individual contributor,"Hybrid (some remote, leans heavy to in-person)",Government,United States of America,146329.0,113451.18405642112,32877.815943578884
21.0,1.0,3.0,5,0,0,0,0,0,0,0,0,0,Other (please specify):,Employed,Other,Less than 20 employees,Individual contributor,Remote,Software Development,India,50000.0,8882.241886647562,41117.758113352436
59.5,40.0,30.0,6,1,0,1,1,1,0,1,0,0,"Bachelor’s degree (B.A., B.S., B.Eng., etc.)",Employed,Engineering manager,"1,000 to 4,999 employees",People manager,"Hybrid (some remote, leans heavy to in-person)",Fintech,Australia,104015.0,105334.49930976986,1319.4993097698607
49.5,24.0,35.0,3,3,0,0,0,1,0,0,0,0,"Professional degree (JD, MD, Ph.D, Ed.D, etc.)",Employed,"Developer, back-end",20 to 99 employees,Individual contributor,"Hybrid (some remote, leans heavy to in-person)",Insurance,Germany,69609.0,88856.68114432994,19247.681144329938
29.5,4.0,6.0,3,2,0,1,0,0,0,0,0,0,"Bachelor’s degree (B.A., B.S., B.Eng., etc.)",Employed,"Developer, front-end",Less than 20 employees,Individual contributor,In-person,Software Development,India,4185.0,11320.959735480572,7135.959735480572
29.5,3.0,7.0,8,2,0,0,0,1,1,0,1,0,"Master’s degree (M.A., M.S., M.Eng., MBA, etc.)",Employed,"Developer, embedded applications or devices","10,000 or more employees",Individual contributor,Remote,Software Development,Turkey,3787.0,48442.963624921686,44655.963624921686
39.5,10.0,10.0,3,3,0,1,0,1,0,1,0,0,"Bachelor’s degree (B.A., B.S., B.Eng., etc.)",Employed,"Developer, full-stack","1,000 to 4,999 employees",Individual contributor,In-person,Software Development,India,15111.0,28163.712571490603,13052.712571490603
59.5,15.0,15.0,4,1,1,0,0,0,0,0,0,0,"Master’s degree (M.A., M.S., M.Eng., MBA, etc.)",Employed,"Developer, back-end",Less than 20 employees,Individual contributor,"Your choice (very flexible, you can come in when you want or just as needed)",Energy,Canada,87550.0,79327.16506378016,8222.834936219835
39.5,12.0,24.0,7,1,1,1,1,1,0,0,0,0,Some college/university study without earning a degree,Employed,"Senior executive (C-suite, VP, etc.)",20 to 99 employees,People manager,"Hybrid (some in-person, leans heavy to flexibility)",Software Development,Italy,117175.0,80212.66115783535,36962.33884216465
29.5,8.0,12.0,0,0,0,0,0,0,0,0,0,0,"Master’s degree (M.A., M.S., M.Eng., MBA, etc.)",Employed,"Developer, back-end",20 to 99 employees,Individual contributor,Remote,Retail and Consumer Services,Ukraine,5392.0,38724.46184201704,33332.46184201704
29.5,2.0,11.0,8,3,0,1,0,1,1,1,0,0,"Bachelor’s degree (B.A., B.S., B.Eng., etc.)",Employed,"Developer, full-stack",500 to 999 employees,Individual contributor,"Hybrid (some in-person, leans heavy to flexibility)",Government,United Kingdom of Great Britain and Northern Ireland,50372.0,65407.31120042107,15035.31120042107
59.5,37.0,45.0,6,4,1,1,0,1,0,0,0,0,"Bachelor’s degree (B.A., B.S., B.Eng., etc.)","Independent contractor, freelancer, or self-employed","Developer, full-stack",Unknown,Unknown,Unknown,Software Development,United States of America,152000.0,153968.46507543264,1968.465075432643
49.5,27.0,37.0,5,4,0,1,0,1,0,0,1,0,Some college/university study without earning a degree,"Independent contractor, freelancer, or self-employed","Developer, back-end",Unknown,Unknown,Unknown,Software Development,United States of America,150000.0,173305.0793673328,23305.0793673328
29.5,9.0,12.0,6,2,1,1,0,1,0,0,0,0,"Associate degree (A.A., A.S., etc.)",Employed,"Developer, mobile",Less than 20 employees,Individual contributor,In-person,Software Development,Germany,51975.0,49323.200607677776,2651.799392322224
29.5,9.0,9.0,4,1,0,1,1,0,0,0,0,0,Some college/university study without earning a degree,Employed,"Developer, front-end",20 to 99 employees,Individual contributor,Remote,Healthcare,United States of America,77000.0,130622.22767568688,53622.22767568688
29.5,6.0,9.0,6,3,1,1,1,0,1,0,0,0,"Bachelor’s degree (B.A., B.S., B.Eng., etc.)",Employed,"Developer, back-end","1,000 to 4,999 employees",Individual contributor,Remote,Fintech,Poland,80505.0,53857.76077722941,26647.239222770593
59.5,30.0,32.0,12,7,1,1,1,1,0,1,1,1,"Bachelor’s degree (B.A., B.S., B.Eng., etc.)",Employed,DevOps engineer or professional,"1,000 to 4,999 employees",Individual contributor,Remote,Government,United States of America,100000.0,199369.710147266,99369.71014726601
39.5,22.0,30.0,5,0,1,0,0,0,0,0,0,0,"Bachelor’s degree (B.A., B.S., B.Eng., etc.)",Employed,"Architect, software or solutions","10,000 or more employees",Individual contributor,"Hybrid (some remote, leans heavy to in-person)",Computer Systems Design and Services,Other,294142.0,77532.99345456206,216609.00654543794
49.5,12.0,16.0,1,0,0,0,0,0,0,1,0,0,"Bachelor’s degree (B.A., B.S., B.Eng., etc.)",Employed,Other,20 to 99 employees,Individual contributor,Remote,Software Development,Ukraine,34511.0,46444.84086964099,11933.84086964099
39.5,15.0,,4,0,1,0,0,0,0,0,0,1,"Master’s degree (M.A., M.S., M.Eng., MBA, etc.)",Employed,Data scientist,"1,000 to 4,999 employees",Individual contributor,Remote,Energy,Canada,134973.0,101165.27665849225,33807.72334150775
29.5,3.0,6.0,14,10,1,1,1,1,1,0,0,0,"Bachelor’s degree (B.A., B.S., B.Eng., etc.)",Employed,"Developer, full-stack",20 to 99 employees,Individual contributor,"Your choice (very flexible, you can come in when you want or just as needed)",Software Development,Other,9935.0,26926.127575239807,16991.127575239807
29.5,12.0,18.0,0,0,0,0,0,0,0,0,0,0,"Bachelor’s degree (B.A., B.S., B.Eng., etc.)",Employed,Other,Less than 20 employees,Individual contributor,Remote,Software Development,United Kingdom of Great Britain and Northern Ireland,136141.0,98626.17813824255,37514.821861757446
49.5,29.0,35.0,24,14,1,1,1,1,1,1,1,0,"Master’s degree (M.A., M.S., M.Eng., MBA, etc.)",Student,"Developer, full-stack",Unknown,Unknown,Unknown,Unknown,Brazil,35497.0,21034.150917108425,14462.849082891575
39.5,2.0,23.0,7,4,1,1,0,1,0,1,0,0,"Secondary school (e.g. American high school, German Realschule or Gymnasium, etc.)",Employed,Other (please specify):,20 to 99 employees,Individual contributor,Remote,Software Development,Germany,31324.0,51521.88674094801,20197.886740948008
29.5,11.0,11.0,4,1,0,1,1,0,1,0,0,0,"Bachelor’s degree (B.A., B.S., B.Eng., etc.)",Employed,"Developer, full-stack","10,000 or more employees",Individual contributor,"Hybrid (some in-person, leans heavy to flexibility)","Internet, Telecomm or Information Services",India,44462.0,33758.43076000154,10703.569239998462
29.5,17.0,20.0,6,8,1,1,1,0,0,1,0,0,Some college/university study without earning a degree,Employed,"Developer, full-stack",Less than 20 employees,Individual contributor,Remote,Software Development,Brazil,171115.0,32213.09249093848,138901.9075090615
49.5,23.0,27.0,4,1,1,1,0,0,0,0,0,0,"Master’s degree (M.A., M.S., M.Eng., MBA, etc.)",Employed,"Developer, full-stack",20 to 99 employees,Individual contributor,"Hybrid (some in-person, leans heavy to flexibility)",Higher Education,United States of America,151053.0,120958.80322990134,30094.196770098657
29.5,8.0,14.0,8,6,1,1,0,0,1,0,1,0,"Master’s degree (M.A., M.S., M.Eng., MBA, etc.)",Employed,"Developer, back-end",500 to 999 employees,Individual contributor,"Hybrid (some in-person, leans heavy to flexibility)",Energy,Netherlands,92812.0,76392.33191588856,16419.668084111443
49.5,14.0,30.0,0,0,0,0,0,0,0,0,0,0,"Master’s degree (M.A., M.S., M.Eng., MBA, etc.)",Employed,"Developer, back-end",20 to 99 employees,Individual contributor,Remote,"Internet, Telecomm or Information Services",Poland,127616.0,71269.31039742281,56346.689602577186
39.5,23.0,25.0,15,6,1,1,1,1,1,1,1,1,"Bachelor’s degree (B.A., B.S., B.Eng., etc.)",Employed,"Architect, software or solutions",500 to 999 employees,Individual contributor,Remote,Computer Systems Design and Services,United Kingdom of Great Britain and Northern Ireland,170177.0,131326.7389334444,38850.2610665556
49.5,30.0,35.0,1,0,0,0,0,0,0,0,0,0,"Master’s degree (M.A., M.S., M.Eng., MBA, etc.)",Employed,"Developer, desktop or enterprise applications","5,000 to 9,999 employees",Individual contributor,"Hybrid (some remote, leans heavy to in-person)",Software Development,United States of America,160000.0,160952.46070311463,952.4607031146297
29.5,10.0,20.0,9,0,1,1,1,1,1,0,0,0,"Bachelor’s degree (B.A., B.S., B.Eng., etc.)",Employed,"Developer, mobile","10,000 or more employees",Individual contributor,"Hybrid (some in-person, leans heavy to flexibility)",Software Development,United States of America,60000.0,179217.00781009666,119217.00781009666
21.0,4.0,7.0,5,1,0,1,1,1,0,1,0,0,"Bachelor’s degree (B.A., B.S., B.Eng., etc.)",Employed,"Developer, full-stack",100 to 499 employees,Individual contributor,Remote,Software Development,United States of America,75000.0,77276.87616391543,2276.8761639154254
39.5,13.0,20.0,5,1,0,1,1,1,0,1,0,0,"Bachelor’s degree (B.A., B.S., B.Eng., etc.)",Employed,DevOps engineer or professional,100 to 499 employees,People manager,Remote,Software Development,Italy,52207.0,76497.89013293214,24290.890132932138
29.5,8.0,18.0,5,0,0,1,1,0,0,0,0,0,"Secondary school (e.g. American high school, German Realschule or Gymnasium, etc.)","Independent contractor, freelancer, or self-employed",Other (please specify):,Unknown,Unknown,Unknown,Media & Advertising Services,Czech Republic,197225.0,73825.92625070066,123399.07374929934
29.5,4.0,15.0,0,0,0,0,0,0,0,0,0,0,"Bachelor’s degree (B.A., B.S., B.Eng., etc.)",Employed,"Developer, mobile",20 to 99 employees,Individual contributor,"Hybrid (some in-person, leans heavy to flexibility)",Software Development,India,26735.0,28199.896411073067,1464.8964110730667
29.5,5.0,7.0,9,1,1,0,0,1,0,1,0,0,"Bachelor’s degree (B.A., B.S., B.Eng., etc.)",Employed,Other (please specify):,100 to 499 employees,Individual contributor,In-person,Other:,Belgium,45246.0,38890.00430414889,6355.99569585111
39.5,16.0,25.0,9,4,1,1,1,1,1,1,0,0,"Bachelor’s degree (B.A., B.S., B.Eng., etc.)",Employed,"Developer, full-stack",20 to 99 employees,Individual contributor,In-person,"Transportation, or Supply Chain",Poland,49122.0,70519.07596883818,21397.07596883818
21.0,2.0,5.0,3,1,0,0,0,1,1,0,0,0,"Bachelor’s degree (B.A., B.S., B.Eng., etc.)",Employed,"Developer, back-end",20 to 99 employees,Individual contributor,Remote,Software Development,Ukraine,24000.0,18433.32634735682,5566.673652643181
29.5,5.0,10.0,4,1,0,1,0,1,0,1,0,0,Some college/university study without earning a degree,Employed,"Developer, full-stack",20 to 99 employees,Individual contributor,"Your choice (very flexible, you can come in when you want or just as needed)",Other:,Other,64505.0,35466.536285996226,29038.463714003774
29.5,10.0,12.0,6,8,1,1,1,1,0,0,0,0,Some college/university study without earning a degree,Employed,"Architect, software or solutions",20 to 99 employees,Individual contributor,Remote,Healthcare,United States of America,275000.0,143359.45807329228,131640.54192670772
39.5,15.0,20.0,5,2,1,0,0,1,1,1,0,0,"Bachelor’s degree (B.A., B.S., B.Eng., etc.)",Employed,"Developer, mobile",20 to 99 employees,Individual contributor,"Hybrid (some remote, leans heavy to in-person)",Software Development,France,58007.0,81397.60547700396,23390.605477003963
49.5,20.0,24.0,9,8,1,1,0,1,1,0,0,0,"Master’s degree (M.A., M.S., M.Eng., MBA, etc.)",Employed,Other,"5,000 to 9,999 employees",Individual contributor,"Your choice (very flexible, you can come in when you want or just as needed)",Energy,United States of America,200000.0,160928.2359254782,39071.76407452181
29.5,12.0,18.0,2,3,0,0,0,0,0,0,1,1,"Bachelor’s degree (B.A., B.S., B.Eng., etc.)",Employed,"Developer, back-end","1,000 to 4,999 employees",Individual contributor,"Hybrid (some in-person, leans heavy to flexibility)",Fintech,United Kingdom of Great Britain and Northern Ireland,190598.0,131844.807927113,58753.192072887
29.5,4.0,8.0,4,1,0,1,0,1,0,1,0,0,"Bachelor’s degree (B.A., B.S., B.Eng., etc.)",Employed,"Developer, full-stack","1,000 to 4,999 employees",Individual contributor,"Hybrid (some remote, leans heavy to in-person)",Retail and Consumer Services,New Zealand,66259.0,41287.188739746016,24971.811260253984
39.5,10.0,15.0,7,1,1,1,1,0,0,1,0,0,"Professional degree (JD, MD, Ph.D, Ed.D, etc.)",Employed,"Developer, full-stack",100 to 499 employees,Individual contributor,Remote,Other:,United States of America,96000.0,148438.88763965928,52438.88763965928
49.5,25.0,25.0,7,6,1,0,0,1,0,0,0,0,"Bachelor’s degree (B.A., B.S., B.Eng., etc.)","Independent contractor, freelancer, or self-employed",Engineering manager,Unknown,Unknown,Unknown,Software Development,Turkey,63120.0,89542.651587407,26422.651587407003
29.5,13.0,18.0,9,4,1,1,1,1,0,0,0,0,"Secondary school (e.g. American high school, German Realschule or Gymnasium, etc.)",Employed,"Developer, full-stack","10,000 or more employees",Individual contributor,Remote,Software Development,United States of America,300000.0,182665.84152418078,117334.15847581922
29.5,16.0,20.0,3,0,0,1,1,0,0,0,0,0,Some college/university study without earning a degree,Employed,"Developer, full-stack",100 to 499 employees,Individual contributor,Remote,Other:,Spain,174022.0,84195.59015318827,89826.40984681173
39.5,14.0,19.0,3,0,0,0,0,0,0,0,0,0,"Bachelor’s degree (B.A., B.S., B.Eng., etc.)",Employed,"Developer, mobile",20 to 99 employees,Individual contributor,"Hybrid (some in-person, leans heavy to flexibility)",Software Development,Belgium,81210.0,82061.57129507682,851.5712950768211
39.5,8.0,20.0,4,4,0,1,0,0,0,0,1,0,"Master’s degree (M.A., M.S., M.Eng., MBA, etc.)",Employed,"Developer, full-stack",Less than 20 employees,People manager,"Hybrid (some remote, leans heavy to in-person)",Software Development,France,46406.0,69251.36307270052,22845.363072700522
21.0,4.0,4.0,10,5,1,1,0,1,1,1,0,0,"Bachelor’s degree (B.A., B.S., B.Eng., etc.)",Employed,"Developer, full-stack",20 to 99 employees,Individual contributor,"Hybrid (some remote, leans heavy to in-person)",Software Development,Ukraine,2397.0,20837.29160184922,18440.29160184922
39.5,16.0,27.0,10,9,1,1,1,1,1,1,1,0,"Bachelor’s degree (B.A., B.S., B.Eng., etc.)",Employed,"Developer, full-stack","10,000 or more employees",Individual contributor,Remote,Software Development,United States of America,250000.0,203896.5700710658,46103.4299289342
29.5,3.0,14.0,5,1,1,1,0,0,0,0,0,0,"Bachelor’s degree (B.A., B.S., B.Eng., etc.)",Employed,"Developer, embedded applications or devices","5,000 to 9,999 employees",Individual contributor,Remote,Computer Systems Design and Services,Poland,69862.0,48196.50870395024,21665.49129604976
21.0,3.0,9.0,8,4,1,1,0,0,1,0,0,1,"Secondary school (e.g. American high school, German Realschule or Gymnasium, etc.)",Student,"Developer, full-stack",20 to 99 employees,Individual contributor,"Hybrid (some remote, leans heavy to in-person)",Software Development,Netherlands,11601.0,24197.64389454075,12596.64389454075
39.5,16.0,24.0,8,7,1,1,1,0,1,0,1,0,"Master’s degree (M.A., M.S., M.Eng., MBA, etc.)",Employed,DevOps engineer or professional,"1,000 to 4,999 employees",Individual contributor,Remote,Media & Advertising Services,Brazil,109222.0,59332.777392140844,49889.222607859156
39.5,15.0,20.0,10,5,1,1,1,1,1,0,0,0,"Bachelor’s degree (B.A., B.S., B.Eng., etc.)",Employed,"Developer, back-end","5,000 to 9,999 employees",Individual contributor,Remote,Healthcare,United States of America,135000.0,158905.93359496162,23905.93359496162
39.5,9.0,16.0,4,1,0,1,1,1,0,0,0,0,"Bachelor’s degree (B.A., B.S., B.Eng., etc.)",Employed,"Developer, front-end","10,000 or more employees",Individual contributor,Remote,Insurance,Germany,92812.0,86266.79352930277,6545.2064706972305
29.5,4.0,8.0,5,0,1,0,0,0,0,0,0,1,"Bachelor’s degree (B.A., B.S., B.Eng., etc.)",Employed,"Developer, embedded applications or devices","5,000 to 9,999 employees",Individual contributor,"Hybrid (some remote, leans heavy to in-person)",Software Development,Germany,69609.0,47833.89210557586,21775.107894424138
39.5,15.0,23.0,6,2,1,1,1,1,0,0,0,0,"Master’s degree (M.A., M.S., M.Eng., MBA, etc.)",Employed,"Architect, software or solutions",Less than 20 employees,Individual contributor,In-person,Software Development,United Kingdom of Great Britain and Northern Ireland,81685.0,88325.04741478465,6640.047414784654
29.5,4.0,10.0,3,1,0,0,1,0,0,1,0,0,"Bachelor’s degree (B.A., B.S., B.Eng., etc.)",Employed,"Developer, full-stack","1,000 to 4,999 employees",Individual contributor,"Hybrid (some in-person, leans heavy to flexibility)",Other:,United Kingdom of Great Britain and Northern Ireland,47650.0,65912.96867677891,18262.96867677891
21.0,1.0,2.0,0,0,0,0,0,0,0,0,0,0,"Associate degree (A.A., A.S., etc.)",Student,"Developer, back-end",100 to 499 employees,Individual contributor,In-person,Manufacturing,Other,4179.0,19040.344131422917,14861.344131422917
29.5,5.0,10.0,5,2,0,1,1,0,1,0,0,0,"Bachelor’s degree (B.A., B.S., B.Eng., etc.)",Employed,"Developer, full-stack","10,000 or more employees",Individual contributor,"Hybrid (some remote, leans heavy to in-person)",Software Development,India,12205.0,24270.700375411514,12065.700375411514
39.5,16.0,25.0,5,0,1,0,0,0,0,0,0,0,"Bachelor’s degree (B.A., B.S., B.Eng., etc.)",Employed,"Developer, embedded applications or devices",20 to 99 employees,Individual contributor,Remote,Software Development,Canada,127677.0,96561.50264825618,31115.49735174382
59.5,35.0,35.0,4,1,0,0,0,1,0,1,0,0,"Master’s degree (M.A., M.S., M.Eng., MBA, etc.)","Independent contractor, freelancer, or self-employed","Developer, desktop or enterprise applications","Just me - I am a freelancer, sole proprietor, etc.",Individual contributor,"Your choice (very flexible, you can come in when you want or just as needed)",Software Development,Other,46406.0,47293.90700918557,887.9070091855683
29.5,7.0,13.0,3,1,0,1,0,0,0,0,0,0,"Bachelor’s degree (B.A., B.S., B.Eng., etc.)",Employed,"Developer, front-end",20 to 99 employees,Individual contributor,Remote,Software Development,India,34872.0,37874.24346143618,3002.2434614361773
39.5,14.0,18.0,8,7,1,1,1,1,0,0,0,0,Some college/university study without earning a degree,"Independent contractor, freelancer, or self-employed","Developer, full-stack",100 to 499 employees,Individual contributor,"Hybrid (some in-person, leans heavy to flexibility)",Other:,Poland,98244.0,77976.62827727222,20267.37172272778
29.5,14.0,20.0,5,0,1,0,0,0,0,1,0,0,"Master’s degree (M.A., M.S., M.Eng., MBA, etc.)",Employed,"Developer, embedded applications or devices","1,000 to 4,999 employees",Individual contributor,"Hybrid (some in-person, leans heavy to flexibility)",Software Development,Other,30689.0,65769.01060394237,35080.01060394237
39.5,15.0,15.0,6,0,1,0,0,0,1,0,0,0,"Associate degree (A.A., A.S., etc.)",Employed,"Developer, mobile",500 to 999 employees,People manager,"Hybrid (some remote, leans heavy to in-person)",Software Development,Other,76831.0,49960.445019158324,26870.554980841676
29.5,10.0,15.0,5,6,1,1,1,0,0,0,0,0,"Bachelor’s degree (B.A., B.S., B.Eng., etc.)",Employed,Other (please specify):,"1,000 to 4,999 employees",Individual contributor,Remote,Media & Advertising Services,United States of America,170000.0,153954.3215579325,16045.678442067496
29.5,3.0,15.0,6,1,1,1,0,1,0,1,0,1,"Bachelor’s degree (B.A., B.S., B.Eng., etc.)",Employed,"Developer, full-stack",100 to 499 employees,Individual contributor,"Hybrid (some remote, leans heavy to in-person)",Fintech,United States of America,99500.0,122717.8534934014,23217.853493401402
29.5,3.0,8.0,7,4,0,1,1,0,0,0,0,0,"Bachelor’s degree (B.A., B.S., B.Eng., etc.)",Not employed,Other,Unknown,Unknown,Unknown,Unknown,Other,4481.0,19283.09416682544,14802.094166825442
39.5,10.0,15.0,6,3,0,1,1,0,0,0,1,0,Some college/university study without earning a degree,Employed,"Developer, full-stack","10,000 or more employees",Individual contributor,"Hybrid (some remote, leans heavy to in-person)",Energy,India,15111.0,39841.1970812761,24730.1970812761
49.5,23.0,36.0,4,0,0,1,1,0,0,0,0,0,"Bachelor’s degree (B.A., B.S., B.Eng., etc.)",Employed,"Developer, back-end",500 to 999 employees,Unknown,Unknown,Software Development,Canada,110897.0,93415.98595018667,17481.014049813326
29.5,8.0,9.0,7,5,1,1,0,1,0,0,0,0,"Master’s degree (M.A., M.S., M.Eng., MBA, etc.)",Employed,Data scientist,"10,000 or more employees",Individual contributor,"Hybrid (some remote, leans heavy to in-person)",Banking/Financial Services,France,69609.0,64326.38592145169,5282.614078548308
39.5,21.0,28.0,5,2,0,1,0,1,0,1,0,0,"Bachelor’s degree (B.A., B.S., B.Eng., etc.)",Employed,"Developer, full-stack",20 to 99 employees,Individual contributor,Remote,Other:,United States of America,118000.0,149628.0312243259,31628.03122432591
59.5,42.0,44.0,3,0,0,0,0,1,0,0,0,0,Some college/university study without earning a degree,"Independent contractor, freelancer, or self-employed",Other,Unknown,Unknown,Unknown,Software Development,United States of America,62000.0,160066.11205590848,98066.11205590848
49.5,25.0,30.0,5,2,1,1,0,1,1,0,0,0,"Bachelor’s degree (B.A., B.S., B.Eng., etc.)",Employed,"Developer, back-end","10,000 or more employees",Individual contributor,Remote,Software Development,United States of America,310000.0,198719.51537109472,111280.48462890528
59.5,27.0,30.0,9,3,1,1,0,1,0,1,0,0,"Master’s degree (M.A., M.S., M.Eng., MBA, etc.)",Employed,Other,500 to 999 employees,Individual contributor,In-person,Government,Australia,70938.0,86155.30890535566,15217.308905355661
29.5,8.0,14.0,4,2,0,0,0,1,0,1,0,0,"Master’s degree (M.A., M.S., M.Eng., MBA, etc.)",Employed,"Developer, full-stack",20 to 99 employees,Individual contributor,"Hybrid (some remote, leans heavy to in-person)","Transportation, or Supply Chain",Germany,91652.0,72271.65974012761,19380.34025987239
39.5,17.0,28.0,5,0,1,0,0,0,0,0,0,0,"Master’s degree (M.A., M.S., M.Eng., MBA, etc.)",Employed,"Developer, full-stack","10,000 or more employees",Individual contributor,"Hybrid (some remote, leans heavy to in-person)",Manufacturing,Germany,98612.0,98397.58306868077,214.4169313192251
29.5,12.0,17.0,2,3,0,1,1,0,0,0,0,0,"Bachelor’s degree (B.A., B.S., B.Eng., etc.)",Employed,"Developer, full-stack",20 to 99 employees,Individual contributor,In-person,Other:,Brazil,65533.0,43419.48882040668,22113.51117959332
39.5,13.0,18.0,4,1,0,1,1,1,0,0,0,0,"Bachelor’s degree (B.A., B.S., B.Eng., etc.)","Independent contractor, freelancer, or self-employed","Developer, full-stack",Unknown,Unknown,Unknown,Software Development,Denmark,76516.0,92008.65330138853,15492.653301388535
59.5,32.0,32.0,1,0,1,0,0,0,0,0,0,0,"Professional degree (JD, MD, Ph.D, Ed.D, etc.)",Employed,AI/ML engineer,"5,000 to 9,999 employees",Individual contributor,Remote,Government,United States of America,246000.0,167320.91258811264,78679.08741188736
59.5,35.0,30.0,6,2,0,1,0,1,0,0,1,0,Some college/university study without earning a degree,Employed,"Developer, desktop or enterprise applications","5,000 to 9,999 employees",Individual contributor,"Hybrid (some remote, leans heavy to in-person)",Software Development,Belgium,52903.0,85454.60077116765,32551.60077116765
21.0,1.0,2.0,6,3,1,1,1,0,1,0,0,0,Some college/university study without earning a degree,"Independent contractor, freelancer, or self-employed","Developer, full-stack","Just me - I am a freelancer, sole proprietor, etc.",Individual contributor,Remote,Other:,Other,17792.0,16338.925659205242,1453.0743407947575
29.5,2.0,12.0,6,3,1,1,0,1,0,1,0,0,Some college/university study without earning a degree,Employed,"Developer, back-end",20 to 99 employees,Individual contributor,"Hybrid (some in-person, leans heavy to flexibility)",Software Development,Italy,31324.0,41137.44359315109,9813.443593151089
39.5,14.0,19.0,6,2,0,1,1,0,0,1,0,0,"Master’s degree (M.A., M.S., M.Eng., MBA, etc.)",Employed,"Developer, full-stack",20 to 99 employees,Individual contributor,"Your choice (very flexible, you can come in when you want or just as needed)",Software Development,Other,81210.0,62352.950409814985,18857.049590185015
39.5,20.0,25.0,5,4,0,1,1,1,0,0,1,0,"Bachelor’s degree (B.A., B.S., B.Eng., etc.)",Employed,Engineering manager,20 to 99 employees,People manager,Remote,Banking/Financial Services,Spain,145018.0,96629.03027239002,48388.969727609976
29.5,7.0,11.0,3,3,1,0,0,1,0,0,0,0,"Bachelor’s degree (B.A., B.S., B.Eng., etc.)",Employed,Data engineer,"10,000 or more employees",Individual contributor,Remote,Insurance,United States of America,165000.0,152705.371405801,12294.628594198992
39.5,20.0,30.0,7,4,1,1,0,1,0,1,0,0,"Bachelor’s degree (B.A., B.S., B.Eng., etc.)",Employed,"Developer, full-stack","1,000 to 4,999 employees",Individual contributor,"Hybrid (some remote, leans heavy to in-person)",Higher Education,United Kingdom of Great Britain and Northern Ireland,53095.0,82851.84608303373,29756.846083033728
39.5,20.0,19.0,6,4,1,1,1,1,0,0,0,1,"Bachelor’s degree (B.A., B.S., B.Eng., etc.)",Employed,Engineering manager,100 to 499 employees,People manager,Remote,Other:,United States of America,255000.0,193675.00336376386,61324.996636236145
29.5,4.0,9.0,4,1,1,0,0,1,0,0,0,0,"Master’s degree (M.A., M.S., M.Eng., MBA, etc.)",Employed,AI/ML engineer,"10,000 or more employees",Individual contributor,"Hybrid (some in-person, leans heavy to flexibility)","Internet, Telecomm or Information Services",Other,27420.0,45949.847356657185,18529.847356657185
21.0,,8.0,2,2,0,0,0,0,1,0,0,0,"Bachelor’s degree (B.A., B.S., B.Eng., etc.)",Employed,"Developer, back-end",500 to 999 employees,Individual contributor,Remote,Government,United States of America,85000.0,97585.02514106936,12585.02514106936
49.5,18.0,18.0,6,4,0,0,0,1,0,0,0,1,"Master’s degree (M.A., M.S., M.Eng., MBA, etc.)",Employed,"Developer, back-end",500 to 999 employees,Unknown,Remote,"Internet, Telecomm or Information Services",Other,79108.0,75829.96004685538,3278.0399531446164
39.5,18.0,27.0,10,3,0,1,1,1,0,0,1,1,"Master’s degree (M.A., M.S., M.Eng., MBA, etc.)",Employed,"Developer, full-stack",500 to 999 employees,Individual contributor,Remote,Retail and Consumer Services,United States of America,242000.0,192530.32604617305,49469.67395382695
21.0,3.0,6.0,6,5,1,1,0,1,0,0,0,0,"Bachelor’s degree (B.A., B.S., B.Eng., etc.)",Employed,"Developer, back-end",20 to 99 employees,Individual contributor,In-person,Software Development,India,9973.0,12695.922438869764,2722.922438869764
49.5,28.0,42.0,11,3,1,1,1,1,1,0,1,0,Some college/university study without earning a degree,Employed,"Developer, full-stack",Less than 20 employees,People manager,"Hybrid (some in-person, leans heavy to flexibility)","Internet, Telecomm or Information Services",Other,88243.0,55513.4045473011,32729.5954526989
39.5,16.0,20.0,4,2,0,1,0,1,0,1,0,0,"Bachelor’s degree (B.A., B.S., B.Eng., etc.)",Employed,"Developer, back-end","5,000 to 9,999 employees",Individual contributor,"Hybrid (some in-person, leans heavy to flexibility)",Government,Brazil,20388.0,44902.963029923245,24514.963029923245
39.5,16.0,26.0,5,2,1,1,0,0,1,0,0,1,"Professional degree (JD, MD, Ph.D, Ed.D, etc.)",Employed,"Developer, back-end",20 to 99 employees,Individual contributor,"Hybrid (some in-person, leans heavy to flexibility)",Software Development,Belgium,92812.0,91587.26662999595,1224.7333700040472
49.5,28.0,38.0,9,2,1,1,1,1,0,1,0,0,Some college/university study without earning a degree,Employed,"Developer, full-stack",500 to 999 employees,Individual contributor,Remote,Government,Australia,74761.0,92086.33715928745,17325.337159287446
29.5,8.0,13.0,0,0,0,0,0,0,0,0,0,0,"Master’s degree (M.A., M.S., M.Eng., MBA, etc.)",Employed,"Architect, software or solutions",20 to 99 employees,Individual contributor,Remote,Software Development,India,51145.0,40143.334950362725,11001.665049637275
59.5,40.0,46.0,6,4,0,1,1,1,0,1,0,1,"Bachelor’s degree (B.A., B.S., B.Eng., etc.)","Independent contractor, freelancer, or self-employed",DevOps engineer or professional,Unknown,Unknown,Unknown,Software Development,United States of America,130000.0,175780.51879619763,45780.51879619763
39.5,28.0,34.0,9,5,1,1,1,1,1,1,0,0,"Secondary school (e.g. American high school, German Realschule or Gymnasium, etc.)",Employed,"Developer, desktop or enterprise applications",20 to 99 employees,People manager,"Hybrid (some remote, leans heavy to in-person)",Healthcare,Switzerland,161191.0,140429.6193908406,20761.380609159387
29.5,5.0,10.0,10,4,1,1,1,1,0,0,1,1,"Bachelor’s degree (B.A., B.S., B.Eng., etc.)",Employed,"Developer, full-stack",Less than 20 employees,Individual contributor,"Hybrid (some remote, leans heavy to in-person)","Transportation, or Supply Chain",Sweden,69609.0,40297.78993106451,29311.210068935492
29.5,10.0,20.0,7,7,1,0,1,1,0,0,0,1,"Master’s degree (M.A., M.S., M.Eng., MBA, etc.)","Independent contractor, freelancer, or self-employed","Developer, full-stack",Less than 20 employees,Individual contributor,Remote,Software Development,Spain,127616.0,76340.16441239302,51275.83558760698
39.5,10.0,11.0,0,0,0,0,0,0,0,0,0,0,"Professional degree (JD, MD, Ph.D, Ed.D, etc.)",Employed,"Developer, back-end",20 to 99 employees,Individual contributor,Remote,Software Development,Other,39345.0,50440.440924442875,11095.440924442875
39.5,20.0,30.0,4,7,0,1,0,1,0,0,0,0,Some college/university study without earning a degree,Employed,"Developer, full-stack",20 to 99 employees,People manager,"Hybrid (some remote, leans heavy to in-person)",Media & Advertising Services,Other,46406.0,63706.91856296167,17300.91856296167
49.5,30.0,35.0,4,1,1,0,0,1,1,0,0,0,"Bachelor’s degree (B.A., B.S., B.Eng., etc.)",Employed,AI/ML engineer,"10,000 or more employees",Individual contributor,"Hybrid (some in-person, leans heavy to flexibility)","Internet, Telecomm or Information Services",United States of America,380000.0,225480.23289064944,154519.76710935056
39.5,7.0,10.0,4,1,1,0,0,1,0,0,0,0,"Bachelor’s degree (B.A., B.S., B.Eng., etc.)",Employed,Data engineer,"10,000 or more employees",Individual contributor,"Hybrid (some remote, leans heavy to in-person)",Software Development,Other,116015.0,46822.64990224,69192.35009776
39.5,20.0,28.0,8,2,0,1,1,1,0,0,1,1,"Bachelor’s degree (B.A., B.S., B.Eng., etc.)",Employed,"Developer, full-stack",20 to 99 employees,Individual contributor,Remote,Software Development,United States of America,215000.0,185389.98487719195,29610.01512280805
39.5,12.0,15.0,2,4,1,0,1,0,0,0,0,0,"Master’s degree (M.A., M.S., M.Eng., MBA, etc.)","Independent contractor, freelancer, or self-employed","Developer, full-stack",Unknown,Unknown,Unknown,Software Development,Brazil,69609.0,50077.262008372025,19531.737991627975
39.5,8.0,21.0,10,2,1,1,1,1,0,1,0,0,"Bachelor’s degree (B.A., B.S., B.Eng., etc.)",Employed,"Developer, desktop or enterprise applications","5,000 to 9,999 employees",Individual contributor,"Hybrid (some in-person, leans heavy to flexibility)",Insurance,United States of America,90000.0,146313.35252315333,56313.35252315333
39.5,20.0,25.0,3,1,0,1,1,0,0,0,0,0,Some college/university study without earning a degree,Employed,"Developer, full-stack",Less than 20 employees,Individual contributor,Remote,"Transportation, or Supply Chain",Netherlands,133417.0,74970.92997094426,58446.07002905574
39.5,18.0,18.0,7,4,1,0,1,1,1,0,0,0,"Master’s degree (M.A., M.S., M.Eng., MBA, etc.)",Employed,"Developer, full-stack",Less than 20 employees,People manager,"Hybrid (some remote, leans heavy to in-person)",Retail and Consumer Services,Other,28107.0,56877.81124916128,28770.811249161277
21.0,2.0,9.0,10,0,1,0,0,1,1,0,1,1,"Bachelor’s degree (B.A., B.S., B.Eng., etc.)",Employed,Other (please specify):,"5,000 to 9,999 employees",Individual contributor,"Hybrid (some in-person, leans heavy to flexibility)",Software Development,United Kingdom of Great Britain and Northern Ireland,81685.0,57480.06006400917,24204.939935990828
59.5,28.0,30.0,5,3,0,1,1,1,0,1,0,0,"Master’s degree (M.A., M.S., M.Eng., MBA, etc.)","Independent contractor, freelancer, or self-employed","Developer, full-stack",Unknown,Unknown,Unknown,Other:,United Kingdom of Great Britain and Northern Ireland,88492.0,101125.47644364453,12633.476443644526
39.5,10.0,17.0,5,3,1,0,1,0,1,0,1,0,"Bachelor’s degree (B.A., B.S., B.Eng., etc.)",Employed,"Architect, software or solutions","5,000 to 9,999 employees",People manager,"Your choice (very flexible, you can come in when you want or just as needed)","Internet, Telecomm or Information Services",Spain,69609.0,74331.72547635456,4722.725476354564
29.5,2.0,6.0,5,5,1,1,0,1,0,1,0,0,"Bachelor’s degree (B.A., B.S., B.Eng., etc.)",Employed,Data engineer,"10,000 or more employees",Individual contributor,Remote,Insurance,United States of America,117000.0,96909.66323830777,20090.336761692233
29.5,6.0,11.0,6,3,1,1,1,1,0,0,1,0,"Master’s degree (M.A., M.S., M.Eng., MBA, etc.)",Employed,"Developer, back-end",100 to 499 employees,Individual contributor,In-person,Software Development,France,92812.0,64651.75511112283,28160.24488887717
39.5,14.0,20.0,10,6,1,1,1,1,1,0,0,1,"Bachelor’s degree (B.A., B.S., B.Eng., etc.)",Employed,"Developer, back-end","10,000 or more employees",Individual contributor,In-person,Software Development,United States of America,270000.0,205062.9245969785,64937.0754030215
59.5,39.0,42.0,5,0,1,0,1,0,1,0,0,0,"Master’s degree (M.A., M.S., M.Eng., MBA, etc.)",Employed,"Developer, full-stack",100 to 499 employees,Individual contributor,Remote,Software Development,Germany,87011.0,89055.15900707012,2044.1590070701204
39.5,18.0,22.0,8,1,1,1,1,1,1,0,0,0,"Bachelor’s degree (B.A., B.S., B.Eng., etc.)",Employed,"Developer, full-stack","10,000 or more employees",Individual contributor,"Hybrid (some remote, leans heavy to in-person)",Software Development,United States of America,545000.0,189891.12849976268,355108.8715002373
39.5,10.0,14.0,3,1,0,0,0,1,0,1,0,0,"Bachelor’s degree (B.A., B.S., B.Eng., etc.)",Employed,"Developer, full-stack",100 to 499 employees,Individual contributor,In-person,Other:,United States of America,11000.0,125862.5935879264,114862.5935879264
29.5,11.0,17.0,4,4,0,0,1,0,1,0,0,0,"Master’s degree (M.A., M.S., M.Eng., MBA, etc.)",Employed,"Developer, full-stack",100 to 499 employees,Individual contributor,"Hybrid (some in-person, leans heavy to flexibility)",Software Development,Netherlands,139218.0,79740.98370819342,59477.016291806576
29.5,12.0,20.0,6,0,1,0,0,0,0,0,1,0,"Bachelor’s degree (B.A., B.S., B.Eng., etc.)",Employed,"Developer, desktop or enterprise applications","10,000 or more employees",Individual contributor,Remote,Software Development,United States of America,440000.0,236736.04295036916,203263.95704963084
39.5,20.0,24.0,3,3,1,0,0,0,0,0,0,0,"Professional degree (JD, MD, Ph.D, Ed.D, etc.)",Employed,Data scientist,"1,000 to 4,999 employees",People manager,"Hybrid (some in-person, leans heavy to flexibility)",Healthcare,United States of America,275000.0,164738.54360012387,110261.45639987613
29.5,9.0,13.0,4,4,0,1,0,1,0,0,0,0,"Associate degree (A.A., A.S., etc.)",Employed,"Developer, full-stack",100 to 499 employees,Individual contributor,Remote,Fintech,Brazil,74271.0,45691.52642016001,28579.473579839992
39.5,15.0,20.0,5,2,0,1,1,0,0,1,0,0,"Master’s degree (M.A., M.S., M.Eng., MBA, etc.)",Employed,"Developer, front-end",100 to 499 employees,Individual contributor,"Hybrid (some remote, leans heavy to in-person)",Retail and Consumer Services,France,48726.0,86990.11834802764,38264.11834802764
29.5,8.0,12.0,7,1,1,1,1,1,1,0,0,0,"Master’s degree (M.A., M.S., M.Eng., MBA, etc.)",Employed,"Developer, full-stack",500 to 999 employees,Individual contributor,Remote,Software Development,United States of America,108000.0,142877.15053924662,34877.15053924662
39.5,7.0,8.0,7,3,1,1,1,1,1,0,0,0,"Bachelor’s degree (B.A., B.S., B.Eng., etc.)",Employed,"Developer, full-stack","10,000 or more employees",Individual contributor,"Hybrid (some in-person, leans heavy to flexibility)",Media & Advertising Services,United States of America,228000.0,115349.87113815178,112650.12886184822
39.5,26.0,29.0,14,5,1,1,1,1,1,1,1,1,Some college/university study without earning a degree,Employed,"Architect, software or solutions",20 to 99 employees,Individual contributor,"Hybrid (some in-person, leans heavy to flexibility)",Software Development,United States of America,165000.0,189038.0820362674,24038.082036267413
29.5,6.0,14.0,6,1,1,1,0,0,0,0,0,0,"Bachelor’s degree (B.A., B.S., B.Eng., etc.)",Employed,AI/ML engineer,"10,000 or more employees",Individual contributor,"Hybrid (some remote, leans heavy to in-person)",Software Development,United States of America,275000.0,172151.38743423604,102848.61256576396
59.5,40.0,45.0,1,0,0,0,0,0,0,1,0,0,"Bachelor’s degree (B.A., B.S., B.Eng., etc.)",Employed,"Developer, desktop or enterprise applications","1,000 to 4,999 employees",Individual contributor,Remote,Software Development,United Kingdom of Great Britain and Northern Ireland,53095.0,110313.88498043531,57218.88498043531
49.5,25.0,25.0,6,4,1,1,1,1,0,0,0,0,"Master’s degree (M.A., M.S., M.Eng., MBA, etc.)",Employed,"Developer, full-stack",Less than 20 employees,Individual contributor,"Your choice (very flexible, you can come in when you want or just as needed)",Retail and Consumer Services,France,83531.0,75688.63967909102,7842.360320908978
39.5,15.0,20.0,3,4,0,0,1,1,0,1,0,0,"Master’s degree (M.A., M.S., M.Eng., MBA, etc.)",Employed,"Architect, software or solutions",500 to 999 employees,People manager,Remote,Other:,Australia,208030.0,101004.93867113044,107025.06132886956
29.5,12.0,16.0,8,0,1,1,0,1,0,0,1,0,"Professional degree (JD, MD, Ph.D, Ed.D, etc.)",Employed,"Developer, back-end",500 to 999 employees,Individual contributor,"Hybrid (some remote, leans heavy to in-person)",Software Development,Other,139218.0,61563.42480952975,77654.57519047025
39.5,13.0,15.0,5,1,1,1,1,0,0,0,0,0,"Bachelor’s degree (B.A., B.S., B.Eng., etc.)",Employed,"Developer, front-end",100 to 499 employees,Individual contributor,Remote,Software Development,United States of America,190000.0,159396.95996858817,30603.04003141183
39.5,15.0,18.0,8,5,1,1,1,1,1,0,0,0,"Master’s degree (M.A., M.S., M.Eng., MBA, etc.)",Employed,"Architect, software or solutions",100 to 499 employees,Individual contributor,"Your choice (very flexible, you can come in when you want or just as needed)",Manufacturing,Other,104413.0,66249.79197640071,38163.20802359929
29.5,13.0,23.0,11,0,1,1,1,0,0,0,0,0,"Bachelor’s degree (B.A., B.S., B.Eng., etc.)",Employed,"Developer, mobile",100 to 499 employees,Individual contributor,"Hybrid (some remote, leans heavy to in-person)",Software Development,Germany,97452.0,87493.09069962481,9958.909300375191
39.5,13.0,18.0,2,1,0,0,0,0,0,1,0,0,"Bachelor’s degree (B.A., B.S., B.Eng., etc.)",Employed,"Developer, desktop or enterprise applications",20 to 99 employees,Individual contributor,"Hybrid (some remote, leans heavy to in-person)",Other:,United States of America,130000.0,153781.16393268653,23781.163932686526
39.5,13.0,13.0,4,4,1,1,1,0,0,0,0,0,"Professional degree (JD, MD, Ph.D, Ed.D, etc.)","Independent contractor, freelancer, or self-employed","Developer, full-stack",Less than 20 employees,Individual contributor,Remote,Media & Advertising Services,Other,78000.0,44503.04204443619,33496.95795556381
59.5,39.0,45.0,10,2,1,1,0,0,1,0,0,0,Some college/university study without earning a degree,Employed,"Developer, mobile",20 to 99 employees,Individual contributor,"Your choice (very flexible, you can come in when you want or just as needed)",Software Development,United Kingdom of Great Britain and Northern Ireland,84408.0,103058.9781962045,18650.978196204494
49.5,26.0,30.0,14,10,1,1,1,1,1,1,0,0,"Bachelor’s degree (B.A., B.S., B.Eng., etc.)",Employed,"Developer, back-end",Less than 20 employees,Individual contributor,Remote,Software Development,Italy,46406.0,66770.70685073615,20364.706850736155
59.5,38.0,44.0,11,7,1,1,1,1,1,0,1,0,"Bachelor’s degree (B.A., B.S., B.Eng., etc.)",Employed,Engineering manager,"1,000 to 4,999 employees",People manager,Remote,Banking/Financial Services,United States of America,201000.0,190088.44504217798,10911.554957822023
59.5,30.0,30.0,4,2,1,1,0,1,0,0,0,0,"Bachelor’s degree (B.A., B.S., B.Eng., etc.)",Employed,DevOps engineer or professional,"10,000 or more employees",Individual contributor,"Hybrid (some in-person, leans heavy to flexibility)",Retail and Consumer Services,United Kingdom of Great Britain and Northern Ireland,74878.0,113040.38576109361,38162.38576109361
59.5,25.0,35.0,9,4,1,1,1,1,0,1,1,0,Some college/university study without earning a degree,"Independent contractor, freelancer, or self-employed",DevOps engineer or professional,Unknown,Unknown,Unknown,Government,Australia,162523.0,103073.66908680298,59449.330913197016
29.5,8.0,11.0,5,7,1,0,1,1,0,0,0,0,"Master’s degree (M.A., M.S., M.Eng., MBA, etc.)",Employed,"Developer, full-stack",20 to 99 employees,People manager,"Hybrid (some remote, leans heavy to in-person)","Internet, Telecomm or Information Services",France,46406.0,68427.18346808394,22021.18346808394
21.0,6.0,7.0,5,1,1,1,1,1,0,0,0,0,"Master’s degree (M.A., M.S., M.Eng., MBA, etc.)",Employed,"Developer, full-stack",100 to 499 employees,Individual contributor,Remote,Government,United States of America,102000.0,85839.86422035746,16160.135779642544
39.5,11.0,22.0,5,0,1,0,0,0,0,0,0,0,"Bachelor’s degree (B.A., B.S., B.Eng., etc.)",Employed,Other (please specify):,"10,000 or more employees",Individual contributor,In-person,"Internet, Telecomm or Information Services",Germany,122976.0,94989.60195681729,27986.398043182708
21.0,5.0,11.0,5,7,0,1,1,1,0,1,0,0,"Bachelor’s degree (B.A., B.S., B.Eng., etc.)","Independent contractor, freelancer, or self-employed","Architect, software or solutions",Less than 20 employees,People manager,"Your choice (very flexible, you can come in when you want or just as needed)","Transportation, or Supply Chain",Greece,34804.0,35602.47252526615,798.4725252661519
29.5,8.0,10.0,7,6,1,1,1,1,0,0,0,0,"Bachelor’s degree (B.A., B.S., B.Eng., etc.)",Employed,DevOps engineer or professional,500 to 999 employees,Individual contributor,Remote,Software Development,United States of America,190000.0,139714.90035837368,50285.09964162632
29.5,5.0,12.0,5,1,1,0,0,1,0,0,0,1,"Master’s degree (M.A., M.S., M.Eng., MBA, etc.)",Employed,"Developer, back-end",100 to 499 employees,Individual contributor,"Your choice (very flexible, you can come in when you want or just as needed)",Software Development,France,127616.0,62085.225400729534,65530.774599270466
49.5,17.0,17.0,2,0,0,1,0,0,0,0,0,0,"Secondary school (e.g. American high school, German Realschule or Gymnasium, etc.)",Employed,"Developer, front-end","10,000 or more employees",Individual contributor,Remote,"Internet, Telecomm or Information Services",Other,62017.0,62343.974845279525,326.97484527952474
49.5,22.0,26.0,6,3,0,1,0,1,0,0,0,0,"Bachelor’s degree (B.A., B.S., B.Eng., etc.)",Employed,"Developer, full-stack",100 to 499 employees,Individual contributor,"Hybrid (some remote, leans heavy to in-person)",Software Development,Belgium,69609.0,82795.46949666104,13186.46949666104
39.5,10.0,10.0,0,2,0,0,0,0,0,0,0,0,"Bachelor’s degree (B.A., B.S., B.Eng., etc.)",Employed,"Developer, desktop or enterprise applications","10,000 or more employees",Individual contributor,In-person,Software Development,Other,48750.0,40927.36640825412,7822.633591745878
29.5,2.0,4.0,3,1,1,0,0,0,0,0,1,0,"Associate degree (A.A., A.S., etc.)",Employed,DevOps engineer or professional,"10,000 or more employees",Individual contributor,"Hybrid (some in-person, leans heavy to flexibility)",Software Development,United States of America,88000.0,105096.69280735846,17096.692807358457
39.5,17.0,17.0,6,2,0,1,1,1,0,1,0,0,Some college/university study without earning a degree,"Independent contractor, freelancer, or self-employed","Developer, full-stack",Less than 20 employees,Individual contributor,Remote,Software Development,United Kingdom of Great Britain and Northern Ireland,137503.0,88252.34430463523,49250.65569536477
29.5,11.0,15.0,7,2,1,1,0,1,0,0,0,0,Some college/university study without earning a degree,"Independent contractor, freelancer, or self-employed","Developer, full-stack","Just me - I am a freelancer, sole proprietor, etc.",Individual contributor,"Your choice (very flexible, you can come in when you want or just as needed)",Software Development,United States of America,40000.0,130089.42007798741,90089.42007798741
49.5,25.0,36.0,4,2,1,0,0,1,0,0,0,0,"Bachelor’s degree (B.A., B.S., B.Eng., etc.)",Employed,"Developer, back-end","10,000 or more employees",Individual contributor,Remote,Software Development,United States of America,850000.0,213180.57370190442,636819.4262980956
29.5,12.0,17.0,7,3,1,1,1,0,1,0,0,0,"Master’s degree (M.A., M.S., M.Eng., MBA, etc.)",Employed,"Developer, back-end","5,000 to 9,999 employees",Individual contributor,"Hybrid (some in-person, leans heavy to flexibility)",Fintech,United Kingdom of Great Britain and Northern Ireland,149756.0,105844.58874833313,43911.41125166687
39.5,24.0,31.0,0,0,0,0,0,0,0,0,0,0,Some college/university study without earning a degree,Not employed,"Developer, back-end",Unknown,Unknown,Unknown,Unknown,Hungary,4916.0,32123.081002282543,27207.081002282543
29.5,3.0,16.0,8,2,1,1,1,1,0,1,1,0,"Master’s degree (M.A., M.S., M.Eng., MBA, etc.)",Employed,"Developer, back-end",100 to 499 employees,Individual contributor,"Hybrid (some in-person, leans heavy to flexibility)",Other:,Poland,45847.0,53876.91314247969,8029.913142479687
29.5,16.0,20.0,11,3,1,1,1,1,1,0,1,0,"Master’s degree (M.A., M.S., M.Eng., MBA, etc.)",Employed,"Developer, full-stack",100 to 499 employees,Individual contributor,Remote,Other:,Ukraine,8388.0,56269.28061067631,47881.28061067631
29.5,13.0,17.0,6,2,0,1,1,1,1,0,1,0,"Master’s degree (M.A., M.S., M.Eng., MBA, etc.)",Employed,"Developer, desktop or enterprise applications","10,000 or more employees",Individual contributor,In-person,Software Development,United States of America,210000.0,204372.9664750418,5627.033524958213
29.5,6.0,16.0,7,4,0,1,1,1,0,0,0,1,"Bachelor’s degree (B.A., B.S., B.Eng., etc.)",Employed,"Developer, full-stack",20 to 99 employees,Individual contributor,"Your choice (very flexible, you can come in when you want or just as needed)",Software Development,United Kingdom of Great Britain and Northern Ireland,119805.0,89805.34823984043,29999.65176015957
29.5,5.0,6.0,2,1,1,0,0,1,0,0,0,0,"Master’s degree (M.A., M.S., M.Eng., MBA, etc.)",Employed,Data engineer,100 to 499 employees,Individual contributor,"Hybrid (some in-person, leans heavy to flexibility)",Government,Belgium,64040.0,43678.05059773928,20361.949402260718
49.5,23.0,26.0,8,2,1,1,1,1,1,0,0,0,"Bachelor’s degree (B.A., B.S., B.Eng., etc.)",Employed,"Developer, full-stack",20 to 99 employees,Individual contributor,In-person,Software Development,Switzerland,136392.0,145344.0934897667,8952.093489766703
29.5,3.0,6.0,5,5,0,1,0,1,1,0,0,0,"Bachelor’s degree (B.A., B.S., B.Eng., etc.)",Employed,"Developer, back-end","1,000 to 4,999 employees",Individual contributor,"Hybrid (some remote, leans heavy to in-person)",Software Development,Greece,22043.0,37914.88548146486,15871.885481464858
39.5,13.0,21.0,7,2,1,1,1,1,1,0,1,0,"Bachelor’s degree (B.A., B.S., B.Eng., etc.)",Employed,Engineering manager,"1,000 to 4,999 employees",People manager,"Hybrid (some remote, leans heavy to in-person)",Fintech,United States of America,300000.0,189748.83681593218,110251.16318406782
49.5,35.0,45.0,9,8,1,1,1,1,0,0,1,1,"Bachelor’s degree (B.A., B.S., B.Eng., etc.)",Employed,Engineering manager,"1,000 to 4,999 employees",Unknown,Unknown,Banking/Financial Services,United Kingdom of Great Britain and Northern Ireland,748778.0,125684.20663940978,623093.7933605902
29.5,10.0,15.0,0,0,0,0,0,0,0,0,0,0,"Bachelor’s degree (B.A., B.S., B.Eng., etc.)",Employed,"Developer, mobile","1,000 to 4,999 employees",Individual contributor,Remote,Software Development,United States of America,510000.0,143389.8625679497,366610.1374320503
39.5,13.0,13.0,8,3,1,1,1,1,0,0,1,0,"Bachelor’s degree (B.A., B.S., B.Eng., etc.)",Employed,DevOps engineer or professional,20 to 99 employees,Individual contributor,Remote,Software Development,United States of America,169000.0,162117.79797181487,6882.202028185129
39.5,20.0,25.0,3,3,0,0,0,1,0,1,0,0,Some college/university study without earning a degree,Employed,"Developer, full-stack","10,000 or more employees",Individual contributor,"Your choice (very flexible, you can come in when you want or just as needed)",Healthcare,United Kingdom of Great Britain and Northern Ireland,108913.0,113303.4379376692,4390.437937669194
29.5,10.0,15.0,2,3,0,1,0,0,0,0,0,0,"Bachelor’s degree (B.A., B.S., B.Eng., etc.)","Independent contractor, freelancer, or self-employed","Developer, back-end",Unknown,Unknown,Unknown,Software Development,Other,139218.0,51789.875106420404,87428.1248935796
39.5,13.0,27.0,1,0,0,0,0,0,0,0,0,0,"Master’s degree (M.A., M.S., M.Eng., MBA, etc.)","Independent contractor, freelancer, or self-employed","Developer, desktop or enterprise applications",Unknown,Unknown,Unknown,Software Development,Italy,138754.0,82624.68948687306,56129.31051312694
29.5,12.0,15.0,5,4,0,0,0,1,1,0,0,0,"Bachelor’s degree (B.A., B.S., B.Eng., etc.)",Employed,"Developer, back-end","10,000 or more employees",Individual contributor,Remote,"Internet, Telecomm or Information Services",United States of America,145144.0,200893.9645382466,55749.9645382466
49.5,29.0,29.0,8,4,1,1,0,1,0,0,0,0,"Professional degree (JD, MD, Ph.D, Ed.D, etc.)","Independent contractor, freelancer, or self-employed","Developer, desktop or enterprise applications","Just me - I am a freelancer, sole proprietor, etc.",Individual contributor,Remote,Energy,Brazil,36407.0,46484.197676613854,10077.197676613854
49.5,30.0,30.0,11,7,1,1,1,1,0,1,0,0,Some college/university study without earning a degree,"Independent contractor, freelancer, or self-employed","Developer, full-stack",Unknown,Unknown,Unknown,Software Development,Turkey,63120.0,81311.04266871243,18191.042668712427
21.0,7.0,12.0,7,3,0,0,0,1,0,1,0,0,"Bachelor’s degree (B.A., B.S., B.Eng., etc.)","Independent contractor, freelancer, or self-employed",Other,Unknown,Unknown,Unknown,Other:,Canada,83173.0,69412.41341170036,13760.586588299644
21.0,6.0,10.0,6,3,0,1,1,0,1,1,0,0,"Bachelor’s degree (B.A., B.S., B.Eng., etc.)",Employed,"Developer, full-stack","1,000 to 4,999 employees",Individual contributor,"Hybrid (some remote, leans heavy to in-person)",Manufacturing,Germany,69609.0,62385.02235736219,7223.9776426378085
29.5,5.0,12.0,8,3,1,1,1,1,0,0,0,0,"Master’s degree (M.A., M.S., M.Eng., MBA, etc.)",Employed,Data scientist,"1,000 to 4,999 employees",Individual contributor,"Hybrid (some in-person, leans heavy to flexibility)",Government,United States of America,135000.0,122954.23464539053,12045.765354609466
29.5,7.0,8.0,6,3,1,1,1,1,1,0,0,0,"Bachelor’s degree (B.A., B.S., B.Eng., etc.)",Employed,"Developer, full-stack","10,000 or more employees",Individual contributor,"Hybrid (some remote, leans heavy to in-person)",Manufacturing,India,29060.0,20164.53207317244,8895.467926827561
49.5,22.0,36.0,2,1,0,0,1,0,0,1,0,0,"Master’s degree (M.A., M.S., M.Eng., MBA, etc.)","Independent contractor, freelancer, or self-employed","Developer, full-stack",Unknown,Unknown,Unknown,Fintech,Denmark,124416.0,96456.5908865911,27959.409113408896
29.5,3.0,15.0,7,1,1,1,1,0,0,0,0,0,"Master’s degree (M.A., M.S., M.Eng., MBA, etc.)",Employed,"Developer, embedded applications or devices",20 to 99 employees,Individual contributor,"Hybrid (some remote, leans heavy to in-person)",Other:,Denmark,85536.0,57220.46297479968,28315.53702520032
39.5,15.0,25.0,6,4,1,1,1,1,0,0,0,0,"Secondary school (e.g. American high school, German Realschule or Gymnasium, etc.)","Independent contractor, freelancer, or self-employed",Other,Unknown,Unknown,Unknown,Software Development,Germany,20883.0,84483.69141829402,63600.69141829402
39.5,12.0,36.0,1,1,0,0,0,0,0,1,0,0,"Master’s degree (M.A., M.S., M.Eng., MBA, etc.)",Employed,"Developer, full-stack",Less than 20 employees,Unknown,In-person,Software Development,Germany,58007.0,70697.67407661225,12690.674076612253
39.5,17.0,18.0,5,1,0,1,1,1,1,0,0,0,"Master’s degree (M.A., M.S., M.Eng., MBA, etc.)",Employed,"Developer, full-stack",100 to 499 employees,Individual contributor,Remote,Software Development,Other,47000.0,64121.07054108289,17121.07054108289
39.5,25.0,20.0,6,4,1,1,0,1,0,1,0,0,"Bachelor’s degree (B.A., B.S., B.Eng., etc.)",Employed,AI/ML engineer,Less than 20 employees,Individual contributor,In-person,Software Development,Other,147071.0,44780.9938355754,102290.0061644246
29.5,7.0,7.0,2,0,0,1,1,0,0,0,0,0,"Bachelor’s degree (B.A., B.S., B.Eng., etc.)",Employed,"Developer, front-end",100 to 499 employees,Individual contributor,Remote,Media & Advertising Services,Spain,48726.0,54041.2583423684,5315.258342368397
49.5,25.0,30.0,11,3,1,1,1,1,1,0,1,1,"Master’s degree (M.A., M.S., M.Eng., MBA, etc.)",Employed,Engineering manager,Less than 20 employees,People manager,Remote,Software Development,Canada,131325.0,101935.42536994097,29389.574630059025
21.0,2.0,10.0,8,8,1,1,1,1,1,0,0,0,"Bachelor’s degree (B.A., B.S., B.Eng., etc.)",Employed,"Developer, back-end",20 to 99 employees,Individual contributor,In-person,Software Development,India,11043.0,15799.705943935034,4756.705943935034
49.5,25.0,29.0,0,0,0,0,0,0,0,0,0,0,"Bachelor’s degree (B.A., B.S., B.Eng., etc.)",Employed,"Developer, back-end",100 to 499 employees,Individual contributor,"Hybrid (some in-person, leans heavy to flexibility)",Software Development,Sweden,75472.0,84732.37054139544,9260.370541395445
39.5,6.0,10.0,9,7,1,1,0,1,1,1,1,0,"Master’s degree (M.A., M.S., M.Eng., MBA, etc.)",Employed,"Developer, full-stack",100 to 499 employees,Individual contributor,Remote,Media & Advertising Services,Portugal,46406.0,59926.34368428666,13520.343684286658
39.5,14.0,18.0,6,5,0,1,1,1,1,0,0,0,"Bachelor’s degree (B.A., B.S., B.Eng., etc.)",Employed,"Developer, full-stack","1,000 to 4,999 employees",Individual contributor,"Hybrid (some in-person, leans heavy to flexibility)",Software Development,United States of America,130000.0,152771.79679353855,22771.796793538553
59.5,43.0,45.0,2,2,0,0,0,0,0,1,0,0,Some college/university study without earning a degree,Employed,"Developer, full-stack",20 to 99 employees,Individual contributor,Remote,Software Development,New Zealand,87341.0,85133.71402580492,2207.2859741950815
29.5,11.0,11.0,6,6,0,1,1,1,0,0,0,0,"Bachelor’s degree (B.A., B.S., B.Eng., etc.)",Employed,"Developer, back-end",20 to 99 employees,Individual contributor,Remote,Software Development,Germany,66824.0,78005.64228885969,11181.642288859686
21.0,1.0,5.0,11,0,1,0,1,1,1,0,0,0,"Master’s degree (M.A., M.S., M.Eng., MBA, etc.)",Student,Other,Unknown,Unknown,Unknown,Unknown,France,6961.0,16026.610416260593,9065.610416260593
59.5,35.0,44.0,4,1,0,1,0,1,0,0,0,0,Some college/university study without earning a degree,Employed,"Developer, full-stack",Less than 20 employees,Individual contributor,In-person,Fintech,Other,58634.0,40509.69337107497,18124.306628925027
29.5,8.0,15.0,4,5,0,1,1,0,1,0,0,0,"Bachelor’s degree (B.A., B.S., B.Eng., etc.)",Employed,"Developer, back-end",20 to 99 employees,People manager,"Hybrid (some remote, leans heavy to in-person)",Other:,Other,11472.0,51553.55935879691,40081.55935879691
29.5,8.0,16.0,8,7,1,1,1,1,0,0,0,0,Some college/university study without earning a degree,Employed,"Developer, full-stack",Less than 20 employees,People manager,"Hybrid (some in-person, leans heavy to flexibility)",Software Development,Czech Republic,33700.0,60732.05238016991,27032.05238016991
21.0,10.0,12.0,12,5,0,1,1,0,1,1,0,1,Some college/university study without earning a degree,Employed,"Developer, back-end",500 to 999 employees,Individual contributor,"Your choice (very flexible, you can come in when you want or just as needed)",Software Development,Germany,58471.0,73808.2758787973,15337.2758787973
29.5,10.0,15.0,16,5,1,1,1,1,1,0,1,1,"Bachelor’s degree (B.A., B.S., B.Eng., etc.)",Employed,"Architect, software or solutions","5,000 to 9,999 employees",Individual contributor,"Hybrid (some remote, leans heavy to in-person)",Government,Belgium,45879.0,82351.05256852724,36472.052568527244
49.5,28.0,33.0,4,1,0,1,0,1,0,1,0,0,"Master’s degree (M.A., M.S., M.Eng., MBA, etc.)",Employed,"Architect, software or solutions","1,000 to 4,999 employees",Individual contributor,"Hybrid (some remote, leans heavy to in-person)",Banking/Financial Services,Portugal,63808.0,90483.86431144112,26675.864311441124
39.5,20.0,20.0,6,2,0,1,1,0,0,1,1,0,Some college/university study without earning a degree,"Independent contractor, freelancer, or self-employed","Developer, back-end",100 to 499 employees,Individual contributor,Remote,Computer Systems Design and Services,Germany,185623.0,96125.05975994449,89497.94024005551
39.5,15.0,25.0,5,5,0,1,0,0,1,0,0,0,"Master’s degree (M.A., M.S., M.Eng., MBA, etc.)",Employed,"Developer, back-end","5,000 to 9,999 employees",Individual contributor,"Your choice (very flexible, you can come in when you want or just as needed)",Government,Brazil,30946.0,54108.123961044184,23162.123961044184
49.5,9.0,10.0,4,0,0,1,1,0,0,0,0,0,"Master’s degree (M.A., M.S., M.Eng., MBA, etc.)",Employed,"Developer, full-stack",Less than 20 employees,Individual contributor,"Your choice (very flexible, you can come in when you want or just as needed)",Software Development,Other,50000.0,33109.00073989364,16890.999260106357
39.5,19.0,30.0,10,7,0,1,1,1,0,1,1,1,"Bachelor’s degree (B.A., B.S., B.Eng., etc.)",Employed,"Developer, full-stack",Less than 20 employees,Individual contributor,Remote,Software Development,United States of America,59000.0,166229.13065362338,107229.13065362338
59.5,38.0,24.0,6,3,0,1,1,1,0,1,0,0,"Associate degree (A.A., A.S., etc.)",Employed,"Architect, software or solutions","10,000 or more employees",Individual contributor,Remote,Other:,United States of America,230000.0,202385.28697488015,27614.713025119854
29.5,2.0,6.0,8,4,1,1,1,1,0,0,0,0,"Bachelor’s degree (B.A., B.S., B.Eng., etc.)",Employed,"Developer, mobile",Less than 20 employees,Individual contributor,"Hybrid (some remote, leans heavy to in-person)",Software Development,United States of America,94000.0,69749.95792958884,24250.04207041116
29.5,12.0,10.0,3,2,0,0,0,1,0,1,0,0,"Bachelor’s degree (B.A., B.S., B.Eng., etc.)",Employed,"Developer, back-end",100 to 499 employees,Individual contributor,"Hybrid (some in-person, leans heavy to flexibility)",Banking/Financial Services,United States of America,198000.0,143855.68135189635,54144.318648103654
29.5,10.0,15.0,6,1,1,1,1,1,0,0,0,0,Some college/university study without earning a degree,Employed,"Developer, back-end","1,000 to 4,999 employees",People manager,Remote,Fintech,France,92812.0,77431.08647611807,15380.913523881929
39.5,16.0,18.0,7,6,1,0,1,0,0,1,0,1,Some college/university study without earning a degree,Employed,"Architect, software or solutions",100 to 499 employees,People manager,"Hybrid (some remote, leans heavy to in-person)",Software Development,Denmark,186625.0,105084.09005892422,81540.90994107578
29.5,3.0,9.0,12,6,1,1,1,1,1,0,1,0,"Master’s degree (M.A., M.S., M.Eng., MBA, etc.)",Employed,"Developer, back-end","10,000 or more employees",Individual contributor,In-person,Software Development,Other,52928.0,38428.87904894235,14499.120951057652
39.5,15.0,15.0,3,7,0,0,0,1,0,0,1,0,"Bachelor’s degree (B.A., B.S., B.Eng., etc.)",Employed,"Developer, full-stack",100 to 499 employees,Individual contributor,"Hybrid (some remote, leans heavy to in-person)",Software Development,Other,65237.0,54008.67560740655,11228.324392593451
21.0,3.0,5.0,0,0,0,0,0,0,0,0,0,0,"Bachelor’s degree (B.A., B.S., B.Eng., etc.)",Employed,"Developer, full-stack",Less than 20 employees,Individual contributor,Remote,Software Development,India,34872.0,12733.20016232273,22138.79983767727
29.5,3.0,6.0,5,0,0,1,1,0,1,0,0,0,Other (please specify):,Employed,"Developer, full-stack",100 to 499 employees,Individual contributor,"Hybrid (some remote, leans heavy to in-person)","Transportation, or Supply Chain",Sweden,60377.0,40337.31007902573,20039.68992097427
49.5,28.0,28.0,4,3,1,0,0,0,0,0,0,0,"Professional degree (JD, MD, Ph.D, Ed.D, etc.)","Independent contractor, freelancer, or self-employed","Architect, software or solutions",Less than 20 employees,People manager,"Your choice (very flexible, you can come in when you want or just as needed)",Fintech,Other,92812.0,57841.960070018664,34970.039929981336
21.0,2.0,12.0,8,3,1,1,1,1,0,0,0,0,"Master’s degree (M.A., M.S., M.Eng., MBA, etc.)",Student,Other,"10,000 or more employees",Individual contributor,"Hybrid (some remote, leans heavy to in-person)",Government,United Kingdom of Great Britain and Northern Ireland,35397.0,56000.47497017902,20603.47497017902
29.5,8.0,16.0,3,0,1,0,0,0,0,0,0,0,"Master’s degree (M.A., M.S., M.Eng., MBA, etc.)",Employed,AI/ML engineer,100 to 499 employees,Individual contributor,Remote,Healthcare,Italy,127616.0,71213.4762757373,56402.523724262704
39.5,23.0,25.0,6,4,0,0,1,1,1,0,0,0,"Bachelor’s degree (B.A., B.S., B.Eng., etc.)",Employed,"Developer, full-stack",20 to 99 employees,Individual contributor,"Hybrid (some in-person, leans heavy to flexibility)",Software Development,Belgium,91276.0,81214.30866153286,10061.691338467135
39.5,14.0,14.0,9,3,0,1,1,1,0,1,0,0,"Bachelor’s degree (B.A., B.S., B.Eng., etc.)",Employed,"Developer, full-stack","10,000 or more employees",Individual contributor,"Your choice (very flexible, you can come in when you want or just as needed)","Internet, Telecomm or Information Services",United Kingdom of Great Britain and Northern Ireland,95299.0,96748.65849984063,1449.6584998406324
39.5,29.0,32.0,8,3,1,1,0,1,1,1,0,0,Some college/university study without earning a degree,Employed,DevOps engineer or professional,500 to 999 employees,Individual contributor,In-person,Manufacturing,United States of America,190000.0,141319.99082306976,48680.00917693024
39.5,15.0,23.0,7,3,1,0,1,1,0,0,1,0,"Bachelor’s degree (B.A., B.S., B.Eng., etc.)","Independent contractor, freelancer, or self-employed","Developer, full-stack",Unknown,Unknown,Unknown,Software Development,Germany,580073.0,88044.01746414178,492028.98253585823
29.5,11.0,18.0,9,6,1,0,1,0,0,1,1,1,"Professional degree (JD, MD, Ph.D, Ed.D, etc.)",Employed,"Developer, back-end","5,000 to 9,999 employees",People manager,"Hybrid (some in-person, leans heavy to flexibility)",Software Development,Czech Republic,162884.0,97807.89618624838,65076.103813751615
29.5,13.0,17.0,4,6,0,1,1,0,0,0,1,0,"Bachelor’s degree (B.A., B.S., B.Eng., etc.)",Employed,"Developer, back-end",100 to 499 employees,Individual contributor,"Your choice (very flexible, you can come in when you want or just as needed)",Software Development,Germany,109054.0,94332.92106413419,14721.078935865808
29.5,5.0,10.0,0,0,0,0,0,0,0,0,0,0,"Bachelor’s degree (B.A., B.S., B.Eng., etc.)","Independent contractor, freelancer, or self-employed","Developer, full-stack",Unknown,Unknown,Unknown,Software Development,Other,97067.0,33316.50855079813,63750.49144920187
29.5,9.0,14.0,10,5,1,1,1,1,1,1,0,0,Some college/university study without earning a degree,"Independent contractor, freelancer, or self-employed","Developer, back-end",Unknown,Unknown,Unknown,Software Development,Poland,122805.0,65470.588806233514,57334.411193766486
39.5,14.0,4.0,8,5,1,1,0,0,0,0,1,1,"Master’s degree (M.A., M.S., M.Eng., MBA, etc.)",Employed,"Architect, software or solutions",100 to 499 employees,People manager,Remote,Software Development,Poland,32748.0,27002.442594513417,5745.557405486583
39.5,16.0,20.0,7,5,0,1,0,1,0,0,1,1,"Bachelor’s degree (B.A., B.S., B.Eng., etc.)",Employed,"Developer, full-stack",20 to 99 employees,Individual contributor,Remote,Software Development,Other,215000.0,67245.06608674499,147754.933913255
59.5,36.0,40.0,3,4,1,1,1,0,0,0,0,0,"Bachelor’s degree (B.A., B.S., B.Eng., etc.)","Independent contractor, freelancer, or self-employed","Developer, front-end",Unknown,Unknown,Unknown,Software Development,United States of America,120000.0,160893.66727416764,40893.667274167645
39.5,16.0,25.0,7,3,0,1,1,1,0,1,0,0,"Bachelor’s degree (B.A., B.S., B.Eng., etc.)","Independent contractor, freelancer, or self-employed","Architect, software or solutions",Unknown,Unknown,Unknown,Government,Canada,109438.0,94075.74901944894,15362.250980551064
49.5,25.0,29.0,6,3,0,1,1,1,0,0,0,0,"Bachelor’s degree (B.A., B.S., B.Eng., etc.)",Employed,"Developer, full-stack","Just me - I am a freelancer, sole proprietor, etc.",Individual contributor,Remote,Software Development,United States of America,250000.0,140284.9157476661,109715.08425233391
68.0,47.0,50.0,4,1,0,1,0,0,0,1,0,0,"Master’s degree (M.A., M.S., M.Eng., MBA, etc.)",Employed,"Developer, full-stack","Just me - I am a freelancer, sole proprietor, etc.",Individual contributor,"Your choice (very flexible, you can come in when you want or just as needed)",Software Development,United States of America,130000.0,140963.2959826928,10963.295982692798
29.5,7.0,15.0,5,1,0,1,0,0,0,1,0,0,"Bachelor’s degree (B.A., B.S., B.Eng., etc.)",Employed,"Developer, embedded applications or devices","1,000 to 4,999 employees",Individual contributor,"Hybrid (some in-person, leans heavy to flexibility)",Manufacturing,United States of America,115000.0,138237.97932318243,23237.97932318243
49.5,30.0,30.0,5,2,0,1,0,1,0,0,0,0,"Bachelor’s degree (B.A., B.S., B.Eng., etc.)",Employed,Other,"1,000 to 4,999 employees",Individual contributor,Remote,Retail and Consumer Services,Other,6843.0,67037.38270575662,60194.38270575662
29.5,4.0,6.0,3,2,1,0,1,1,0,0,0,0,"Bachelor’s degree (B.A., B.S., B.Eng., etc.)",Employed,"Developer, full-stack",100 to 499 employees,Individual contributor,Remote,Software Development,Other,55000.0,28491.50424445621,26508.49575554379
39.5,3.0,4.0,4,0,0,1,1,1,0,0,0,0,"Master’s degree (M.A., M.S., M.Eng., MBA, etc.)",Employed,"Developer, front-end",Less than 20 employees,Individual contributor,"Your choice (very flexible, you can come in when you want or just as needed)",Software Development,United Kingdom of Great Britain and Northern Ireland,47650.0,45693.11215246634,1956.8878475336605
29.5,8.0,13.0,5,3,0,0,0,1,1,0,0,0,"Bachelor’s degree (B.A., B.S., B.Eng., etc.)",Employed,"Developer, desktop or enterprise applications",100 to 499 employees,Individual contributor,"Your choice (very flexible, you can come in when you want or just as needed)",Fintech,Germany,70769.0,73631.47461290349,2862.47461290349
39.5,15.0,15.0,10,3,1,1,0,0,0,0,1,0,"Bachelor’s degree (B.A., B.S., B.Eng., etc.)",Employed,"Developer, full-stack",100 to 499 employees,Individual contributor,"Hybrid (some in-person, leans heavy to flexibility)",Other:,Other,18950.0,54387.453105248656,35437.453105248656
39.5,14.0,18.0,5,3,1,1,1,0,0,0,1,0,"Bachelor’s degree (B.A., B.S., B.Eng., etc.)",Employed,DevOps engineer or professional,500 to 999 employees,Individual contributor,"Your choice (very flexible, you can come in when you want or just as needed)",Software Development,Portugal,48726.0,91051.86382114777,42325.86382114777
21.0,6.0,11.0,8,7,1,1,1,1,0,0,1,0,"Bachelor’s degree (B.A., B.S., B.Eng., etc.)",Employed,Other,Less than 20 employees,People manager,"Your choice (very flexible, you can come in when you want or just as needed)","Internet, Telecomm or Information Services",United States of America,90000.0,92787.76187473683,2787.761874736825
39.5,19.0,19.0,7,3,1,1,0,1,1,0,1,0,"Master’s degree (M.A., M.S., M.Eng., MBA, etc.)","Independent contractor, freelancer, or self-employed","Developer, back-end","Just me - I am a freelancer, sole proprietor, etc.",Individual contributor,Remote,Government,Other,61245.0,66147.55211759398,4902.552117593979
49.5,12.0,15.0,4,0,1,1,0,0,0,1,0,0,"Associate degree (A.A., A.S., etc.)",Employed,"Developer, front-end",20 to 99 employees,Individual contributor,"Your choice (very flexible, you can come in when you want or just as needed)",Fintech,United States of America,230000.0,156977.34236300777,73022.65763699223
29.5,8.0,11.0,0,0,0,0,0,0,0,0,0,0,"Bachelor’s degree (B.A., B.S., B.Eng., etc.)",Not employed,"Developer, full-stack",Unknown,Unknown,Unknown,Unknown,Other,3722.0,29972.040987836725,26250.040987836725
29.5,16.0,22.0,4,3,1,1,0,1,0,0,0,0,"Master’s degree (M.A., M.S., M.Eng., MBA, etc.)",Employed,"Senior executive (C-suite, VP, etc.)",100 to 499 employees,People manager,"Hybrid (some in-person, leans heavy to flexibility)",Software Development,Other,94955.0,74088.22939560527,20866.770604394726
39.5,16.0,18.0,11,4,1,1,0,1,0,0,1,0,"Professional degree (JD, MD, Ph.D, Ed.D, etc.)",Employed,"Senior executive (C-suite, VP, etc.)",Less than 20 employees,People manager,"Hybrid (some remote, leans heavy to in-person)",Energy,United States of America,140000.0,180948.15819037866,40948.15819037866
29.5,2.0,10.0,9,0,1,0,0,0,1,0,0,0,"Master’s degree (M.A., M.S., M.Eng., MBA, etc.)",Employed,"Developer, back-end","10,000 or more employees",Individual contributor,"Hybrid (some remote, leans heavy to in-person)",Computer Systems Design and Services,United Kingdom of Great Britain and Northern Ireland,57179.0,80237.89773366827,23058.897733668273
49.5,25.0,10.0,10,9,1,1,1,1,0,1,1,0,"Master’s degree (M.A., M.S., M.Eng., MBA, etc.)",Employed,"Developer, back-end","10,000 or more employees",Individual contributor,Remote,Banking/Financial Services,Brazil,45509.0,38540.27920455845,6968.72079544155
39.5,14.0,26.0,4,3,1,0,1,0,0,0,0,0,"Professional degree (JD, MD, Ph.D, Ed.D, etc.)",Employed,AI/ML engineer,20 to 99 employees,Individual contributor,Remote,Software Development,Spain,153835.0,94010.18455457113,59824.815445428874
29.5,8.0,12.0,5,3,0,1,1,1,0,0,1,0,"Master’s degree (M.A., M.S., M.Eng., MBA, etc.)",Employed,"Developer, full-stack",Less than 20 employees,People manager,Remote,Software Development,Czech Republic,56167.0,54418.71098942402,1748.2890105759798
39.5,9.0,,7,2,1,0,0,0,1,0,0,1,"Master’s degree (M.A., M.S., M.Eng., MBA, etc.)",Employed,"Developer, full-stack","1,000 to 4,999 employees",Individual contributor,In-person,Fintech,Netherlands,208826.0,73318.96900489481,135507.0309951052
39.5,15.0,25.0,6,1,1,1,1,0,0,0,1,0,"Bachelor’s degree (B.A., B.S., B.Eng., etc.)",Employed,Other (please specify):,"10,000 or more employees",Individual contributor,Remote,Software Development,United States of America,200000.0,221784.64360943862,21784.643609438615
49.5,30.0,42.0,8,3,0,1,1,1,1,0,0,0,"Master’s degree (M.A., M.S., M.Eng., MBA, etc.)","Independent contractor, freelancer, or self-employed","Developer, mobile",Unknown,Unknown,Unknown,Software Development,Germany,150819.0,89362.30936137532,61456.690638624685
49.5,15.0,7.0,2,0,0,1,0,0,0,0,0,0,"Bachelor’s degree (B.A., B.S., B.Eng., etc.)",Employed,"Developer, front-end",Less than 20 employees,Unknown,Remote,Insurance,Canada,65663.0,49110.15686356821,16552.843136431788
29.5,11.0,14.0,4,3,1,1,1,0,0,0,0,0,"Master’s degree (M.A., M.S., M.Eng., MBA, etc.)",Not employed,"Developer, back-end",Unknown,Unknown,Unknown,Unknown,Ukraine,47932.0,21594.265692175104,26337.734307824896
29.5,4.0,10.0,5,6,1,1,1,1,0,0,1,0,"Master’s degree (M.A., M.S., M.Eng., MBA, etc.)",Employed,Other,Less than 20 employees,Individual contributor,"Your choice (very flexible, you can come in when you want or just as needed)",Software Development,Spain,34804.0,39022.477584245345,4218.4775842453455
29.5,6.0,11.0,5,1,0,0,0,1,0,1,0,0,"Master’s degree (M.A., M.S., M.Eng., MBA, etc.)",Employed,Other,Less than 20 employees,Individual contributor,Remote,Software Development,Other,90526.0,35072.91901812122,55453.08098187878
29.5,12.0,15.0,6,8,0,1,1,1,0,1,0,0,Other (please specify):,Employed,"Developer, front-end",100 to 499 employees,Individual contributor,Remote,Software Development,France,74249.0,80094.24081031837,5845.24081031837
39.5,14.0,25.0,6,2,1,1,1,0,1,0,0,0,"Bachelor’s degree (B.A., B.S., B.Eng., etc.)",Employed,"Developer, full-stack",100 to 499 employees,Individual contributor,"Hybrid (some remote, leans heavy to in-person)",Retail and Consumer Services,United States of America,156000.0,152320.45874754907,3679.54125245093
39.5,14.0,16.0,6,4,0,1,1,1,0,1,0,0,"Master’s degree (M.A., M.S., M.Eng., MBA, etc.)",Employed,"Architect, software or solutions",20 to 99 employees,Individual contributor,"Your choice (very flexible, you can come in when you want or just as needed)",Software Development,France,58007.0,84209.11365196318,26202.113651963184
39.5,8.0,18.0,1,1,1,0,0,0,0,0,0,0,"Master’s degree (M.A., M.S., M.Eng., MBA, etc.)",Employed,"Developer, back-end",20 to 99 employees,Individual contributor,"Hybrid (some in-person, leans heavy to flexibility)",Software Development,Germany,107894.0,81695.4341027099,26198.5658972901
39.5,16.0,16.0,4,2,1,1,1,0,0,0,0,0,Some college/university study without earning a degree,Employed,"Developer, full-stack",100 to 499 employees,Individual contributor,"Hybrid (some in-person, leans heavy to flexibility)",Fintech,United States of America,180000.0,154276.09232379965,25723.907676200353
49.5,20.0,34.0,6,4,0,0,1,1,0,1,0,0,"Bachelor’s degree (B.A., B.S., B.Eng., etc.)",Employed,"Developer, full-stack",Less than 20 employees,Individual contributor,"Hybrid (some remote, leans heavy to in-person)","Transportation, or Supply Chain",Australia,99464.0,87304.95791930846,12159.042080691535
49.5,25.0,31.0,5,1,0,0,0,0,1,1,0,0,"Bachelor’s degree (B.A., B.S., B.Eng., etc.)",Employed,"Developer, back-end","10,000 or more employees",Individual contributor,"Your choice (very flexible, you can come in when you want or just as needed)",Software Development,Spain,197225.0,100123.9473161365,97101.0526838635
29.5,3.0,5.0,4,0,1,1,1,0,0,0,0,0,"Bachelor’s degree (B.A., B.S., B.Eng., etc.)",Employed,"Developer, full-stack",Less than 20 employees,Individual contributor,Remote,Software Development,United States of America,130000.0,79420.10077043988,50579.89922956012
59.5,26.0,41.0,7,0,1,0,0,0,0,0,0,0,Other (please specify):,Employed,"Developer, desktop or enterprise applications",100 to 499 employees,Individual contributor,"Hybrid (some remote, leans heavy to in-person)",Other:,Germany,81210.0,89839.6033192624,8629.603319262402
29.5,10.0,15.0,11,5,1,1,1,1,1,0,1,0,"Bachelor’s degree (B.A., B.S., B.Eng., etc.)",Employed,"Developer, full-stack","10,000 or more employees",Individual contributor,Remote,Insurance,Canada,109438.0,90603.16621265025,18834.83378734975
29.5,3.0,4.0,5,3,0,1,1,1,1,0,0,0,"Associate degree (A.A., A.S., etc.)",Employed,"Developer, full-stack",20 to 99 employees,Individual contributor,"Hybrid (some in-person, leans heavy to flexibility)",Other:,Spain,32484.0,33100.80160454233,616.8016045423283
21.0,5.0,6.0,5,1,1,1,1,1,0,0,0,0,"Master’s degree (M.A., M.S., M.Eng., MBA, etc.)","Independent contractor, freelancer, or self-employed","Developer, front-end",Unknown,Unknown,Unknown,Software Development,Ukraine,20000.0,24134.30065746433,4134.30065746433
39.5,16.0,23.0,7,3,1,1,0,1,1,0,1,0,"Master’s degree (M.A., M.S., M.Eng., MBA, etc.)",Employed,"Architect, software or solutions","10,000 or more employees",Individual contributor,Remote,Software Development,Germany,174022.0,107654.41346590006,66367.58653409994
39.5,12.0,13.0,6,0,0,1,1,1,1,0,0,0,"Bachelor’s degree (B.A., B.S., B.Eng., etc.)",Employed,"Developer, full-stack","10,000 or more employees",Individual contributor,"Hybrid (some in-person, leans heavy to flexibility)",Banking/Financial Services,India,52308.0,48985.81103261933,3322.1889673806727
49.5,31.0,35.0,14,12,1,1,1,1,1,1,1,0,"Bachelor’s degree (B.A., B.S., B.Eng., etc.)","Independent contractor, freelancer, or self-employed","Architect, software or solutions",Unknown,Unknown,Unknown,Software Development,Netherlands,58007.0,93266.50838448071,35259.50838448071
29.5,6.0,13.0,5,0,1,0,0,0,1,0,1,0,"Master’s degree (M.A., M.S., M.Eng., MBA, etc.)",Employed,"Developer, back-end","10,000 or more employees",Individual contributor,"Your choice (very flexible, you can come in when you want or just as needed)",Software Development,United States of America,270000.0,189886.79145239014,80113.20854760986
39.5,17.0,24.0,7,3,0,1,0,1,0,0,0,0,"Bachelor’s degree (B.A., B.S., B.Eng., etc.)",Employed,DevOps engineer or professional,20 to 99 employees,Individual contributor,"Your choice (very flexible, you can come in when you want or just as needed)",Media & Advertising Services,Germany,48726.0,86286.00773736081,37560.00773736081
29.5,7.0,12.0,6,3,0,1,0,1,0,1,1,0,Some college/university study without earning a degree,Employed,"Developer, full-stack",100 to 499 employees,Individual contributor,"Hybrid (some in-person, leans heavy to flexibility)",Insurance,Other,23340.0,46812.85350469077,23472.85350469077
29.5,12.0,18.0,7,3,0,1,0,1,0,1,0,0,"Secondary school (e.g. American high school, German Realschule or Gymnasium, etc.)",Employed,"Developer, full-stack",500 to 999 employees,Individual contributor,"Your choice (very flexible, you can come in when you want or just as needed)",Other:,Sweden,60377.0,78725.65532168414,18348.655321684142
39.5,11.0,15.0,3,3,1,0,0,0,1,1,0,0,"Master’s degree (M.A., M.S., M.Eng., MBA, etc.)",Employed,"Developer, desktop or enterprise applications",20 to 99 employees,Individual contributor,"Your choice (very flexible, you can come in when you want or just as needed)",Software Development,United States of America,150000.0,149300.04084057733,699.9591594226658
29.5,5.0,14.0,6,1,0,1,1,1,0,1,0,0,"Bachelor’s degree (B.A., B.S., B.Eng., etc.)",Employed,"Developer, full-stack",20 to 99 employees,Individual contributor,"Hybrid (some remote, leans heavy to in-person)",Software Development,Australia,66310.0,62667.649579002646,3642.3504209973544
29.5,12.0,13.0,0,0,0,0,0,0,0,0,0,0,"Master’s degree (M.A., M.S., M.Eng., MBA, etc.)",Employed,"Developer, full-stack",Less than 20 employees,Individual contributor,Remote,Fintech,United States of America,13000.0,121228.85979856018,108228.85979856018
59.5,29.0,32.0,3,0,0,0,0,0,0,0,0,0,"Professional degree (JD, MD, Ph.D, Ed.D, etc.)",Employed,"Developer, desktop or enterprise applications","10,000 or more employees",Individual contributor,In-person,Software Development,France,118335.0,97242.08411787316,21092.915882126836
21.0,2.0,8.0,4,2,0,1,1,1,0,0,0,0,"Bachelor’s degree (B.A., B.S., B.Eng., etc.)",Employed,"Developer, full-stack",Less than 20 employees,Individual contributor,"Hybrid (some remote, leans heavy to in-person)",Software Development,Other,2758.0,20168.480562905825,17410.480562905825
29.5,7.0,8.0,0,0,0,0,0,0,0,0,0,0,"Bachelor’s degree (B.A., B.S., B.Eng., etc.)",Employed,"Developer, back-end",20 to 99 employees,Unknown,Unknown,Fintech,France,116015.0,53220.911584127025,62794.088415872975
39.5,17.0,30.0,6,1,0,1,1,0,0,1,0,0,"Master’s degree (M.A., M.S., M.Eng., MBA, etc.)",Employed,"Developer, front-end",100 to 499 employees,Individual contributor,"Hybrid (some in-person, leans heavy to flexibility)",Software Development,Sweden,81761.0,86990.11834802764,5229.118348027638
29.5,10.0,20.0,4,2,0,1,1,0,0,0,0,0,"Master’s degree (M.A., M.S., M.Eng., MBA, etc.)",Employed,"Developer, full-stack",20 to 99 employees,Individual contributor,"Your choice (very flexible, you can come in when you want or just as needed)",Software Development,Germany,104413.0,83320.90069500609,21092.099304993913
21.0,2.0,10.0,9,4,1,1,1,0,1,0,0,0,"Bachelor’s degree (B.A., B.S., B.Eng., etc.)",Employed,"Developer, full-stack",Less than 20 employees,Individual contributor,In-person,Software Development,Italy,34804.0,25254.615401975876,9549.384598024124
39.5,10.0,20.0,4,1,0,1,1,1,0,0,0,0,"Master’s degree (M.A., M.S., M.Eng., MBA, etc.)",Employed,Engineering manager,20 to 99 employees,People manager,"Your choice (very flexible, you can come in when you want or just as needed)",Software Development,Greece,89331.0,80261.99332888167,9069.006671118332
29.5,9.0,17.0,14,6,1,1,1,1,1,1,0,0,"Secondary school (e.g. American high school, German Realschule or Gymnasium, etc.)",Employed,"Architect, software or solutions","1,000 to 4,999 employees",Individual contributor,"Hybrid (some remote, leans heavy to in-person)",Software Development,Other,62648.0,55445.28282794352,7202.71717205648
39.5,17.0,22.0,4,6,0,0,0,1,1,0,1,0,"Professional degree (JD, MD, Ph.D, Ed.D, etc.)",Employed,"Developer, full-stack","10,000 or more employees",Individual contributor,Remote,Software Development,Other,33930.0,77015.86521656653,43085.865216566526
29.5,6.0,10.0,5,0,0,1,1,0,1,0,0,0,"Bachelor’s degree (B.A., B.S., B.Eng., etc.)","Independent contractor, freelancer, or self-employed","Developer, full-stack",Unknown,Unknown,Unknown,Fintech,Ukraine,4200.0,38848.41142917741,34648.41142917741
39.5,12.0,26.0,4,1,0,1,0,1,0,0,0,0,"Associate degree (A.A., A.S., etc.)",Employed,"Developer, full-stack",20 to 99 employees,Individual contributor,Remote,Media & Advertising Services,United States of America,120000.0,148439.85513048345,28439.855130483455
21.0,1.0,3.0,10,5,1,1,1,1,1,0,1,0,Some college/university study without earning a degree,Employed,"Developer, back-end",20 to 99 employees,Individual contributor,Remote,Software Development,Ukraine,6902.0,14936.547909103445,8034.547909103445
29.5,5.0,15.0,1,1,0,0,1,0,0,0,0,0,"Bachelor’s degree (B.A., B.S., B.Eng., etc.)",Employed,"Developer, back-end",100 to 499 employees,Individual contributor,Remote,Healthcare,United States of America,170000.0,132787.6920134398,37212.30798656019
29.5,7.0,10.0,8,5,0,1,1,1,1,1,0,0,"Bachelor’s degree (B.A., B.S., B.Eng., etc.)",Employed,"Developer, full-stack",Less than 20 employees,Individual contributor,"Hybrid (some in-person, leans heavy to flexibility)",Software Development,United Kingdom of Great Britain and Northern Ireland,84408.0,54480.166882633544,29927.833117366456
59.5,41.0,45.0,7,1,0,1,1,1,1,0,0,0,Some college/university study without earning a degree,Employed,"Developer, full-stack","1,000 to 4,999 employees",Individual contributor,Remote,Government,United States of America,155000.0,152490.5910225867,2509.408977413288
59.5,40.0,45.0,4,1,1,1,0,1,0,0,0,0,"Bachelor’s degree (B.A., B.S., B.Eng., etc.)","Independent contractor, freelancer, or self-employed","Developer, full-stack","Just me - I am a freelancer, sole proprietor, etc.",Individual contributor,"Your choice (very flexible, you can come in when you want or just as needed)",Software Development,United States of America,150000.0,140186.90552911465,9813.09447088535
21.0,2.0,3.0,1,2,0,0,0,0,1,0,0,0,"Bachelor’s degree (B.A., B.S., B.Eng., etc.)",Employed,"Developer, back-end","1,000 to 4,999 employees",Individual contributor,In-person,Software Development,Other,9192.0,13558.210444679336,4366.210444679336
59.5,30.0,45.0,6,3,0,1,0,1,0,0,0,0,"Master’s degree (M.A., M.S., M.Eng., MBA, etc.)",Employed,"Architect, software or solutions",100 to 499 employees,Individual contributor,"Your choice (very flexible, you can come in when you want or just as needed)",Software Development,France,110214.0,89486.59660429524,20727.403395704765
39.5,21.0,3.0,6,6,1,1,1,1,0,0,1,0,"Bachelor’s degree (B.A., B.S., B.Eng., etc.)",Employed,"Developer, full-stack","1,000 to 4,999 employees",Individual contributor,Remote,"Internet, Telecomm or Information Services",Germany,64968.0,46750.884133653555,18217.115866346445
59.5,38.0,45.0,5,1,0,0,0,1,1,1,0,0,"Bachelor’s degree (B.A., B.S., B.Eng., etc.)",Employed,"Developer, desktop or enterprise applications","1,000 to 4,999 employees",Individual contributor,Remote,Software Development,United States of America,400000.0,155907.4943956611,244092.5056043389
29.5,9.0,16.0,4,4,0,1,1,1,0,1,0,0,"Associate degree (A.A., A.S., etc.)",Employed,"Developer, back-end",20 to 99 employees,Individual contributor,"Hybrid (some in-person, leans heavy to flexibility)",Software Development,Germany,60328.0,77096.55395871066,16768.55395871066
29.5,3.0,14.0,0,0,0,0,0,0,0,0,0,0,"Bachelor’s degree (B.A., B.S., B.Eng., etc.)",Employed,Data engineer,20 to 99 employees,Individual contributor,In-person,Banking/Financial Services,India,17436.0,26388.85814508161,8952.85814508161
39.5,10.0,20.0,4,6,1,1,1,0,0,0,0,0,Some college/university study without earning a degree,Employed,"Developer, full-stack",20 to 99 employees,Individual contributor,"Hybrid (some remote, leans heavy to in-person)",Software Development,Germany,75410.0,81565.70283920766,6155.702839207661
29.5,5.0,7.0,5,4,1,0,0,1,0,1,0,1,"Master’s degree (M.A., M.S., M.Eng., MBA, etc.)",Employed,Other,Less than 20 employees,Individual contributor,"Hybrid (some remote, leans heavy to in-person)",Energy,Sweden,62893.0,34458.32745817348,28434.67254182652
29.5,15.0,16.0,0,0,0,0,0,0,0,0,0,0,"Bachelor’s degree (B.A., B.S., B.Eng., etc.)",Employed,"Developer, full-stack",20 to 99 employees,Individual contributor,In-person,Software Development,Other,400000.0,41568.3735408254,358431.6264591746
29.5,3.0,10.0,6,0,0,1,1,0,1,0,0,0,"Master’s degree (M.A., M.S., M.Eng., MBA, etc.)",Employed,"Developer, mobile",20 to 99 employees,Individual contributor,In-person,Fintech,Denmark,88647.0,40784.26078933889,47862.73921066111
29.5,5.0,11.0,8,3,1,1,1,1,0,0,0,0,Other (please specify):,Employed,"Developer, back-end",100 to 499 employees,Individual contributor,"Hybrid (some remote, leans heavy to in-person)",Banking/Financial Services,France,49886.0,55988.60972768401,6102.609727684008
49.5,30.0,40.0,8,5,0,0,1,1,0,1,0,0,"Master’s degree (M.A., M.S., M.Eng., MBA, etc.)",Employed,"Architect, software or solutions",Less than 20 employees,Individual contributor,"Your choice (very flexible, you can come in when you want or just as needed)",Other:,Other,88243.0,62665.18366512732,25577.81633487268
49.5,25.0,25.0,3,0,0,0,0,0,0,0,0,0,"Associate degree (A.A., A.S., etc.)","Independent contractor, freelancer, or self-employed","Developer, back-end",Unknown,Unknown,Unknown,Software Development,Other,17402.0,65543.01305883181,48141.01305883181
49.5,30.0,35.0,4,0,1,0,0,0,0,0,0,1,"Master’s degree (M.A., M.S., M.Eng., MBA, etc.)","Independent contractor, freelancer, or self-employed","Developer, embedded applications or devices","Just me - I am a freelancer, sole proprietor, etc.",Individual contributor,Remote,Energy,United States of America,250000.0,170872.11732545678,79127.88267454322
21.0,4.0,7.0,6,2,1,0,1,0,1,0,1,0,"Secondary school (e.g. American high school, German Realschule or Gymnasium, etc.)",Employed,Other,100 to 499 employees,Individual contributor,"Your choice (very flexible, you can come in when you want or just as needed)",Energy,Germany,60328.0,41133.200210602256,19194.799789397744
39.5,10.0,20.0,3,0,0,1,1,0,0,0,0,0,"Bachelor’s degree (B.A., B.S., B.Eng., etc.)",Employed,"Developer, front-end","1,000 to 4,999 employees",Individual contributor,Remote,Software Development,United States of America,250000.0,154732.0013661196,95267.9986338804
59.5,42.0,44.0,2,0,0,0,0,0,0,0,0,0,Some college/university study without earning a degree,"Independent contractor, freelancer, or self-employed","Architect, software or solutions",Unknown,Unknown,Unknown,Software Development,United States of America,250000.0,165536.09126050735,84463.90873949265
29.5,6.0,6.0,1,5,0,0,0,0,1,0,0,0,"Bachelor’s degree (B.A., B.S., B.Eng., etc.)",Employed,"Developer, back-end","10,000 or more employees",Individual contributor,"Hybrid (some in-person, leans heavy to flexibility)",Banking/Financial Services,India,25573.0,22811.3723354861,2761.6276645139005
21.0,3.0,10.0,6,2,1,1,1,1,1,0,0,0,"Bachelor’s degree (B.A., B.S., B.Eng., etc.)",Employed,"Developer, back-end","10,000 or more employees",Individual contributor,"Your choice (very flexible, you can come in when you want or just as needed)",Software Development,India,20109.0,21795.480090735808,1686.4800907358076
21.0,2.0,2.0,0,0,0,0,0,0,0,0,0,0,"Bachelor’s degree (B.A., B.S., B.Eng., etc.)",Employed,"Developer, full-stack",20 to 99 employees,Individual contributor,"Hybrid (some remote, leans heavy to in-person)",Higher Education,India,2906.0,7861.082343583955,4955.082343583955
39.5,8.0,10.0,4,4,0,1,1,1,0,0,0,0,Some college/university study without earning a degree,"Independent contractor, freelancer, or self-employed","Developer, full-stack","1,000 to 4,999 employees",Individual contributor,Remote,Healthcare,Other,2632.0,44635.21112480355,42003.21112480355
21.0,3.0,7.0,10,3,1,1,0,1,0,0,1,0,"Bachelor’s degree (B.A., B.S., B.Eng., etc.)",Employed,"Developer, full-stack",20 to 99 employees,Individual contributor,In-person,Software Development,United States of America,84000.0,68638.95201903606,15361.047980963936
49.5,23.0,30.0,8,8,1,0,0,1,1,0,1,0,"Bachelor’s degree (B.A., B.S., B.Eng., etc.)",Employed,"Developer, back-end","10,000 or more employees",Individual contributor,Remote,Software Development,United States of America,330000.0,230812.77381880942,99187.22618119058
39.5,22.0,29.0,8,3,1,1,1,1,0,0,0,0,"Master’s degree (M.A., M.S., M.Eng., MBA, etc.)","Independent contractor, freelancer, or self-employed","Developer, full-stack",Less than 20 employees,Individual contributor,Remote,Fintech,Poland,200000.0,69264.33268716797,130735.66731283203
39.5,16.0,24.0,9,6,1,1,1,1,0,0,0,0,"Bachelor’s degree (B.A., B.S., B.Eng., etc.)",Employed,"Senior executive (C-suite, VP, etc.)",20 to 99 employees,People manager,"Hybrid (some in-person, leans heavy to flexibility)",Software Development,Netherlands,98102.0,92659.36236420287,5442.637635797131
49.5,21.0,27.0,3,0,0,1,1,0,0,0,0,0,"Master’s degree (M.A., M.S., M.Eng., MBA, etc.)",Employed,"Developer, front-end",100 to 499 employees,Individual contributor,"Hybrid (some in-person, leans heavy to flexibility)",Healthcare,United Kingdom of Great Britain and Northern Ireland,117082.0,107523.24912811276,9558.750871887241
39.5,10.0,20.0,5,4,0,1,0,1,0,0,0,0,"Master’s degree (M.A., M.S., M.Eng., MBA, etc.)",Employed,"Developer, full-stack","5,000 to 9,999 employees",Individual contributor,Remote,Higher Education,United States of America,105000.0,123184.24591821847,18184.24591821847
49.5,21.0,25.0,9,1,1,1,1,1,0,1,0,1,"Bachelor’s degree (B.A., B.S., B.Eng., etc.)",Employed,"Developer, full-stack",100 to 499 employees,Individual contributor,"Your choice (very flexible, you can come in when you want or just as needed)",Other:,United States of America,140000.0,166414.0702911173,26414.0702911173
21.0,4.0,7.0,8,7,1,1,1,1,0,0,1,0,"Master’s degree (M.A., M.S., M.Eng., MBA, etc.)","Independent contractor, freelancer, or self-employed",Data engineer,Unknown,Unknown,Unknown,"Internet, Telecomm or Information Services",Poland,130992.0,37562.7392173764,93429.2607826236
29.5,3.0,12.0,7,1,0,1,0,1,1,0,0,0,Some college/university study without earning a degree,Employed,"Developer, full-stack",20 to 99 employees,Individual contributor,In-person,Software Development,United States of America,47500.0,95235.29519855557,47735.29519855557
59.5,20.0,30.0,0,0,0,0,0,0,0,0,0,0,"Master’s degree (M.A., M.S., M.Eng., MBA, etc.)","Independent contractor, freelancer, or self-employed","Developer, full-stack","Just me - I am a freelancer, sole proprietor, etc.",Individual contributor,Remote,Software Development,Austria,41765.0,77313.50490427592,35548.50490427592
29.5,10.0,14.0,4,2,0,1,0,1,0,0,0,0,"Bachelor’s degree (B.A., B.S., B.Eng., etc.)",Employed,"Developer, full-stack",20 to 99 employees,Individual contributor,Remote,Software Development,United States of America,210000.0,136891.24903437545,73108.75096562455
29.5,8.0,10.0,8,5,1,1,1,1,0,0,1,0,"Associate degree (A.A., A.S., etc.)",Employed,"Developer, front-end",20 to 99 employees,Individual contributor,In-person,Software Development,Other,41786.0,33711.37456751443,8074.625432485569
21.0,4.0,10.0,5,0,1,0,0,0,0,0,0,0,"Master’s degree (M.A., M.S., M.Eng., MBA, etc.)",Employed,"Developer, embedded applications or devices","10,000 or more employees",Individual contributor,"Hybrid (some remote, leans heavy to in-person)","Transportation, or Supply Chain",United States of America,91600.0,126893.85960772687,35293.859607726874
49.5,25.0,30.0,4,2,0,1,1,1,0,0,0,0,"Master’s degree (M.A., M.S., M.Eng., MBA, etc.)","Independent contractor, freelancer, or self-employed",Other,Unknown,Unknown,Unknown,"Internet, Telecomm or Information Services",Australia,650094.0,102243.09521152727,547850.9047884727
29.5,8.0,13.0,4,2,1,1,0,1,0,0,0,0,"Master’s degree (M.A., M.S., M.Eng., MBA, etc.)",Employed,"Developer, back-end",Less than 20 employees,Individual contributor,"Hybrid (some remote, leans heavy to in-person)",Healthcare,Netherlands,70885.0,54002.42640928687,16882.57359071313
39.5,22.0,26.0,14,5,1,1,1,1,1,0,1,1,"Bachelor’s degree (B.A., B.S., B.Eng., etc.)",Employed,"Developer, back-end","5,000 to 9,999 employees",Individual contributor,"Your choice (very flexible, you can come in when you want or just as needed)",Software Development,Australia,130019.0,107955.40259983513,22063.597400164872
59.5,36.0,45.0,5,1,0,1,0,1,0,0,0,0,"Bachelor’s degree (B.A., B.S., B.Eng., etc.)","Independent contractor, freelancer, or self-employed","Developer, full-stack",Unknown,Unknown,Unknown,Software Development,United States of America,160000.0,153968.46507543264,6031.534924567357
39.5,10.0,15.0,6,2,0,1,0,1,0,0,0,0,"Professional degree (JD, MD, Ph.D, Ed.D, etc.)",Employed,"Architect, software or solutions",100 to 499 employees,Individual contributor,Remote,Media & Advertising Services,United States of America,200000.0,157485.47746198176,42514.52253801824
39.5,22.0,25.0,0,4,0,0,0,0,0,0,0,0,"Associate degree (A.A., A.S., etc.)",Employed,"Developer, back-end","1,000 to 4,999 employees",Individual contributor,Remote,Software Development,Spain,69609.0,86677.29340184541,17068.29340184541
39.5,15.0,18.0,4,0,0,1,1,0,0,0,0,0,"Bachelor’s degree (B.A., B.S., B.Eng., etc.)",Employed,"Developer, mobile",100 to 499 employees,Individual contributor,"Your choice (very flexible, you can come in when you want or just as needed)",Software Development,Germany,58007.0,87493.09069962481,29486.09069962481
29.5,1.0,12.0,2,0,1,0,0,0,0,0,0,0,"Master’s degree (M.A., M.S., M.Eng., MBA, etc.)",Employed,Other,"5,000 to 9,999 employees",Individual contributor,In-person,Higher Education,Germany,66824.0,51671.91567659517,15152.08432340483
29.5,7.0,15.0,5,1,1,1,1,1,0,0,0,0,"Bachelor’s degree (B.A., B.S., B.Eng., etc.)",Employed,"Developer, full-stack",100 to 499 employees,Individual contributor,"Hybrid (some remote, leans heavy to in-person)",Energy,United States of America,180000.0,132675.46664500656,47324.533354993444
29.5,8.0,14.0,9,1,0,1,1,1,1,0,0,0,"Bachelor’s degree (B.A., B.S., B.Eng., etc.)",Employed,"Developer, full-stack",20 to 99 employees,Individual contributor,In-person,Software Development,United States of America,145000.0,123458.98162283235,21541.018377167653
